[{"position_x":-298.599975585938,"position_y":59.9252395629883,"rotation":0,"time":0,"visible":true},{"position_x":-295.799865722656,"position_y":28.2573432922363,"rotation":0,"time":17,"visible":true},{"position_x":-291.599853515625,"position_y":-1.77599334716797,"rotation":0,"time":33,"visible":true},{"position_x":-285.999847412109,"position_y":-30.1759967803955,"rotation":0,"time":50,"visible":true},{"position_x":-278.999847412109,"position_y":-56.9426651000977,"rotation":0,"time":67,"visible":true},{"position_x":-270.599853515625,"position_y":-82.0760040283203,"rotation":0,"time":83,"visible":true},{"position_x":-260.799865722656,"position_y":-105.57600402832,"rotation":0,"time":100,"visible":true},{"position_x":-249.599868774414,"position_y":-127.442672729492,"rotation":0,"time":117,"visible":true},{"position_x":-236.999862670898,"position_y":-147.676010131836,"rotation":0,"time":133,"visible":true},{"position_x":-222.999862670898,"position_y":-166.276000976562,"rotation":0,"time":150,"visible":true},{"position_x":-207.599868774414,"position_y":-183.242660522461,"rotation":0,"time":167,"visible":true},{"position_x":-192.19987487793,"position_y":-198.575988769531,"rotation":0,"time":183,"visible":true},{"position_x":-176.799865722656,"position_y":-212.275985717773,"rotation":0,"time":200,"visible":true},{"position_x":-161.399871826172,"position_y":-224.342651367188,"rotation":0,"time":216,"visible":true},{"position_x":-145.999877929688,"position_y":-234.775985717773,"rotation":0,"time":233,"visible":true},{"position_x":-130.599884033203,"position_y":-243.575988769531,"rotation":0,"time":250,"visible":true},{"position_x":-115.199882507324,"position_y":-250.742660522461,"rotation":0,"time":266,"visible":true},{"position_x":-99.7998809814453,"position_y":-256.276000976562,"rotation":0,"time":283,"visible":true},{"position_x":-84.3998794555664,"position_y":-260.175994873047,"rotation":0,"time":300,"visible":true},{"position_x":-68.9998779296875,"position_y":-262.442657470703,"rotation":0,"time":316,"visible":true},{"position_x":-53.5998764038086,"position_y":-263.075988769531,"rotation":0,"time":333,"visible":true},{"position_x":-38.1998748779297,"position_y":-262.075988769531,"rotation":0,"time":350,"visible":true},{"position_x":-22.7998733520508,"position_y":-259.442657470703,"rotation":0,"time":366,"visible":true},{"position_x":-7.39987277984619,"position_y":-255.175994873047,"rotation":0,"time":383,"visible":true},{"position_x":8.00012588500977,"position_y":-249.276000976562,"rotation":0,"time":400,"visible":true},{"position_x":23.4001274108887,"position_y":-241.742660522461,"rotation":0,"time":417,"visible":true},{"position_x":38.8001289367676,"position_y":-232.575988769531,"rotation":0,"time":433,"visible":true},{"position_x":54.2001304626465,"position_y":-221.775985717773,"rotation":0,"time":450,"visible":true},{"position_x":69.6001358032227,"position_y":-209.342651367188,"rotation":0,"time":466,"visible":true},{"position_x":85.0001373291016,"position_y":-195.275985717773,"rotation":0,"time":483,"visible":true},{"position_x":100.40013885498,"position_y":-179.575988769531,"rotation":0,"time":500,"visible":true},{"position_x":115.800140380859,"position_y":-162.242660522461,"rotation":0,"time":516,"visible":true},{"position_x":131.200149536133,"position_y":-143.275985717773,"rotation":0,"time":533,"visible":true},{"position_x":146.600143432617,"position_y":-122.675987243652,"rotation":0,"time":550,"visible":true},{"position_x":162.000137329102,"position_y":-100.442657470703,"rotation":0,"time":567,"visible":true},{"position_x":177.400131225586,"position_y":-76.5759887695312,"rotation":0,"time":583,"visible":true},{"position_x":192.80012512207,"position_y":-51.0759887695312,"rotation":0,"time":600,"visible":true},{"position_x":208.200119018555,"position_y":-23.9426555633545,"rotation":0,"time":616,"visible":true},{"position_x":223.600128173828,"position_y":4.82401657104492,"rotation":0,"time":633,"visible":true},{"position_x":239.000122070312,"position_y":35.2240180969238,"rotation":0,"time":650,"visible":true},{"position_x":254.400115966797,"position_y":59.924015045166,"rotation":0,"time":666,"visible":true},{"position_x":266.066772460938,"position_y":59.924015045166,"rotation":0,"time":683,"visible":true},{"position_x":277.733428955078,"position_y":-30.076000213623,"rotation":0,"time":700,"visible":true},{"position_x":290.800109863281,"position_y":-118.442657470703,"rotation":0,"time":717,"visible":true},{"position_x":300.924041748047,"position_y":-205.175994873047,"rotation":0,"time":733,"visible":true},{"position_x":300.924041748047,"position_y":-284.319000244141,"rotation":0,"time":750,"visible":true},{"position_x":300.924041748047,"position_y":-356.403015136719,"rotation":0,"time":767,"visible":true},{"position_x":300.924041748047,"position_y":-421.922149658203,"rotation":0,"time":783,"visible":true},{"position_x":300.924041748047,"position_y":-481.335906982422,"rotation":0,"time":800,"visible":true},{"position_x":300.924041748047,"position_y":-535.071716308594,"rotation":0,"time":816,"visible":true},{"position_x":300.924041748047,"position_y":-583.527038574219,"rotation":0,"time":833,"visible":true},{"position_x":300.924041748047,"position_y":-627.071472167969,"rotation":0,"time":850,"visible":true},{"position_x":300.924041748047,"position_y":-666.048828125,"rotation":0,"time":867,"visible":true},{"position_x":300.925262451172,"position_y":-700.778747558594,"rotation":0,"time":883,"visible":true},{"position_x":300.92529296875,"position_y":-731.558532714844,"rotation":0,"time":900,"visible":true},{"position_x":300.92529296875,"position_y":-758.664733886719,"rotation":0,"time":917,"visible":true},{"position_x":300.92529296875,"position_y":-782.354553222656,"rotation":0,"time":933,"visible":true},{"position_x":302.325286865234,"position_y":-802.867065429688,"rotation":0,"time":950,"visible":true},{"position_x":305.125274658203,"position_y":-821.746215820312,"rotation":0,"time":967,"visible":true},{"position_x":309.325286865234,"position_y":-838.992065429688,"rotation":0,"time":983,"visible":true},{"position_x":314.92529296875,"position_y":-854.604553222656,"rotation":0,"time":1000,"visible":true},{"position_x":321.92529296875,"position_y":-868.583740234375,"rotation":0,"time":1017,"visible":true},{"position_x":330.325286865234,"position_y":-880.929565429688,"rotation":0,"time":1033,"visible":true},{"position_x":340.125274658203,"position_y":-891.64208984375,"rotation":0,"time":1050,"visible":true},{"position_x":351.325286865234,"position_y":-900.721252441406,"rotation":0,"time":1067,"visible":true},{"position_x":363.92529296875,"position_y":-908.167114257812,"rotation":0,"time":1083,"visible":true},{"position_x":377.92529296875,"position_y":-913.979614257812,"rotation":0,"time":1100,"visible":true},{"position_x":393.325286865234,"position_y":-918.158813476562,"rotation":0,"time":1117,"visible":true},{"position_x":408.725280761719,"position_y":-920.704650878906,"rotation":0,"time":1133,"visible":true},{"position_x":424.125274658203,"position_y":-921.6171875,"rotation":0,"time":1150,"visible":true},{"position_x":439.525268554688,"position_y":-920.896362304688,"rotation":0,"time":1166,"visible":true},{"position_x":454.925262451172,"position_y":-918.542175292969,"rotation":0,"time":1183,"visible":true},{"position_x":470.325256347656,"position_y":-914.5546875,"rotation":0,"time":1200,"visible":true},{"position_x":485.725250244141,"position_y":-908.933837890625,"rotation":0,"time":1217,"visible":true},{"position_x":501.125244140625,"position_y":-901.6796875,"rotation":0,"time":1233,"visible":true},{"position_x":516.525268554688,"position_y":-892.792175292969,"rotation":0,"time":1250,"visible":true},{"position_x":531.92529296875,"position_y":-882.271362304688,"rotation":0,"time":1266,"visible":true},{"position_x":547.325317382812,"position_y":-870.1171875,"rotation":0,"time":1283,"visible":true},{"position_x":562.725341796875,"position_y":-856.329711914062,"rotation":0,"time":1300,"visible":true},{"position_x":578.125366210938,"position_y":-840.908874511719,"rotation":0,"time":1316,"visible":true},{"position_x":593.525390625,"position_y":-823.854736328125,"rotation":0,"time":1333,"visible":true},{"position_x":608.925415039062,"position_y":-805.167236328125,"rotation":0,"time":1350,"visible":true},{"position_x":624.325439453125,"position_y":-784.846435546875,"rotation":0,"time":1367,"visible":true},{"position_x":639.725402832031,"position_y":-780.075988769531,"rotation":0,"time":1383,"visible":true},{"position_x":651.39208984375,"position_y":-780.075988769531,"rotation":0,"time":1400,"visible":true},{"position_x":663.058776855469,"position_y":-780.075988769531,"rotation":0,"time":1416,"visible":true},{"position_x":674.725463867188,"position_y":-780.075988769531,"rotation":0,"time":1433,"visible":true},{"position_x":686.392150878906,"position_y":-780.075988769531,"rotation":0,"time":1450,"visible":true},{"position_x":698.058837890625,"position_y":-780.075988769531,"rotation":0,"time":1466,"visible":true},{"position_x":709.725524902344,"position_y":-780.075988769531,"rotation":0,"time":1483,"visible":true},{"position_x":721.392211914062,"position_y":-780.075988769531,"rotation":0,"time":1500,"visible":true},{"position_x":733.058898925781,"position_y":-780.075988769531,"rotation":0,"time":1517,"visible":true},{"position_x":744.7255859375,"position_y":-780.075988769531,"rotation":0,"time":1533,"visible":true},{"position_x":756.392272949219,"position_y":-780.075988769531,"rotation":0,"time":1550,"visible":true},{"position_x":768.058959960938,"position_y":-780.075988769531,"rotation":0,"time":1566,"visible":true},{"position_x":779.725646972656,"position_y":-780.075988769531,"rotation":0,"time":1583,"visible":true},{"position_x":791.392333984375,"position_y":-780.075988769531,"rotation":0,"time":1600,"visible":true},{"position_x":803.059020996094,"position_y":-780.075988769531,"rotation":0,"time":1616,"visible":true}]