[{"position_x":-300,"position_y":60,"rotation":0,"time":0,"visible":true},{"position_x":-300,"position_y":60,"rotation":0,"time":0,"visible":true},{"position_x":-300,"position_y":60,"rotation":0,"time":0,"visible":true},{"position_x":-300,"position_y":60,"rotation":0,"time":0,"visible":true},{"position_x":-300,"position_y":60,"rotation":0,"time":0,"visible":true},{"position_x":-300,"position_y":60,"rotation":0,"time":0,"visible":true},{"position_x":-300,"position_y":60,"rotation":0,"time":0,"visible":true},{"position_x":-300,"position_y":28.2586059570312,"rotation":0,"time":0,"visible":true},{"position_x":-300,"position_y":-1.77472877502441,"rotation":0,"time":16,"visible":true},{"position_x":-298.600006103516,"position_y":-30.1747283935547,"rotation":0,"time":33,"visible":true},{"position_x":-295.800018310547,"position_y":-56.9413909912109,"rotation":0,"time":50,"visible":true},{"position_x":-291.600006103516,"position_y":-82.0747222900391,"rotation":0,"time":66,"visible":true},{"position_x":-286,"position_y":-105.574729919434,"rotation":0,"time":83,"visible":true},{"position_x":-279,"position_y":-127.441398620605,"rotation":0,"time":100,"visible":true},{"position_x":-270.600006103516,"position_y":-147.674728393555,"rotation":0,"time":116,"visible":true},{"position_x":-260.800018310547,"position_y":-166.27473449707,"rotation":0,"time":133,"visible":true},{"position_x":-249.600021362305,"position_y":-183.241394042969,"rotation":0,"time":150,"visible":true},{"position_x":-237.000015258789,"position_y":-198.574722290039,"rotation":0,"time":166,"visible":true},{"position_x":-224.400009155273,"position_y":-212.274719238281,"rotation":0,"time":183,"visible":true},{"position_x":-211.800003051758,"position_y":-224.341384887695,"rotation":0,"time":200,"visible":true},{"position_x":-199.199996948242,"position_y":-234.774719238281,"rotation":0,"time":216,"visible":true},{"position_x":-186.599990844727,"position_y":-243.574722290039,"rotation":0,"time":233,"visible":true},{"position_x":-173.999984741211,"position_y":-250.741394042969,"rotation":0,"time":250,"visible":true},{"position_x":-161.399978637695,"position_y":-256.274719238281,"rotation":0,"time":266,"visible":true},{"position_x":-148.79997253418,"position_y":-260.174713134766,"rotation":0,"time":283,"visible":true},{"position_x":-136.199966430664,"position_y":-262.441375732422,"rotation":0,"time":300,"visible":true},{"position_x":-123.599967956543,"position_y":-263.07470703125,"rotation":0,"time":316,"visible":true},{"position_x":-110.999969482422,"position_y":-262.07470703125,"rotation":0,"time":333,"visible":true},{"position_x":-98.3999710083008,"position_y":-259.441375732422,"rotation":0,"time":350,"visible":true},{"position_x":-85.7999725341797,"position_y":-255.174713134766,"rotation":0,"time":366,"visible":true},{"position_x":-73.1999740600586,"position_y":-249.274719238281,"rotation":0,"time":383,"visible":true},{"position_x":-60.5999717712402,"position_y":-241.74137878418,"rotation":0,"time":400,"visible":true},{"position_x":-47.9999732971191,"position_y":-232.57470703125,"rotation":0,"time":416,"visible":true},{"position_x":-35.3999710083008,"position_y":-221.774703979492,"rotation":0,"time":433,"visible":true},{"position_x":-22.7999706268311,"position_y":-209.341369628906,"rotation":0,"time":450,"visible":true},{"position_x":-10.1999683380127,"position_y":-195.274703979492,"rotation":0,"time":466,"visible":true},{"position_x":2.40003204345703,"position_y":-179.57470703125,"rotation":0,"time":483,"visible":true},{"position_x":15.0000333786011,"position_y":-162.241363525391,"rotation":0,"time":500,"visible":true},{"position_x":27.6000308990479,"position_y":-143.274703979492,"rotation":0,"time":517,"visible":true},{"position_x":40.2000350952148,"position_y":-122.674697875977,"rotation":0,"time":533,"visible":true},{"position_x":52.8000335693359,"position_y":-100.441360473633,"rotation":0,"time":550,"visible":true},{"position_x":61.2000350952148,"position_y":-76.5746917724609,"rotation":0,"time":567,"visible":true},{"position_x":65.400032043457,"position_y":-51.0746917724609,"rotation":0,"time":583,"visible":true},{"position_x":65.400032043457,"position_y":-23.9413566589355,"rotation":0,"time":600,"visible":true},{"position_x":64.0000305175781,"position_y":4.82531356811523,"rotation":0,"time":616,"visible":true},{"position_x":62.6000289916992,"position_y":35.2253112792969,"rotation":0,"time":633,"visible":true},{"position_x":61.2000312805176,"position_y":59.9251899719238,"rotation":0,"time":650,"visible":true},{"position_x":60.3600311279297,"position_y":59.9251899719238,"rotation":0,"time":666,"visible":true},{"position_x":59.5200309753418,"position_y":61.5585250854492,"rotation":0,"time":683,"visible":true},{"position_x":59.0747489929199,"position_y":64.8251953125,"rotation":0,"time":700,"visible":true},{"position_x":59.0747489929199,"position_y":69.7251968383789,"rotation":0,"time":716,"visible":true},{"position_x":59.0747489929199,"position_y":76.2585296630859,"rotation":0,"time":733,"visible":true},{"position_x":59.0747489929199,"position_y":84.4251937866211,"rotation":0,"time":750,"visible":true},{"position_x":59.0747489929199,"position_y":94.2251968383789,"rotation":0,"time":766,"visible":true},{"position_x":59.0747489929199,"position_y":105.658531188965,"rotation":0,"time":783,"visible":true},{"position_x":59.0747489929199,"position_y":118.725196838379,"rotation":0,"time":800,"visible":true},{"position_x":59.0747489929199,"position_y":133.425201416016,"rotation":0,"time":816,"visible":true},{"position_x":59.0747489929199,"position_y":149.758529663086,"rotation":0,"time":833,"visible":true},{"position_x":59.0747489929199,"position_y":167.725189208984,"rotation":0,"time":850,"visible":true},{"position_x":59.0747489929199,"position_y":187.3251953125,"rotation":0,"time":866,"visible":true},{"position_x":59.0747489929199,"position_y":208.558532714844,"rotation":0,"time":883,"visible":true},{"position_x":59.0747489929199,"position_y":231.425201416016,"rotation":0,"time":900,"visible":true},{"position_x":59.0747489929199,"position_y":255.925201416016,"rotation":0,"time":916,"visible":true},{"position_x":59.0747489929199,"position_y":282.058532714844,"rotation":0,"time":933,"visible":true},{"position_x":59.0747489929199,"position_y":299.955017089844,"rotation":0,"time":950,"visible":true},{"position_x":59.0747489929199,"position_y":299.955017089844,"rotation":0,"time":966,"visible":true},{"position_x":59.0759925842285,"position_y":233.288345336914,"rotation":0,"time":983,"visible":true},{"position_x":59.0759925842285,"position_y":168.255004882812,"rotation":0,"time":1000,"visible":true},{"position_x":59.0759925842285,"position_y":104.855003356934,"rotation":0,"time":1016,"visible":true},{"position_x":59.0759925842285,"position_y":43.0883331298828,"rotation":0,"time":1033,"visible":true},{"position_x":59.0759925842285,"position_y":-17.0450019836426,"rotation":0,"time":1050,"visible":true},{"position_x":59.0759925842285,"position_y":-75.5450057983398,"rotation":0,"time":1066,"visible":true},{"position_x":59.0759925842285,"position_y":-132.411682128906,"rotation":0,"time":1083,"visible":true},{"position_x":59.0759925842285,"position_y":-187.64501953125,"rotation":0,"time":1100,"visible":true},{"position_x":59.0759925842285,"position_y":-241.245025634766,"rotation":0,"time":1116,"visible":true},{"position_x":59.0759925842285,"position_y":-293.211700439453,"rotation":0,"time":1133,"visible":true},{"position_x":59.0759925842285,"position_y":-343.545043945312,"rotation":0,"time":1150,"visible":true},{"position_x":59.0759925842285,"position_y":-392.245056152344,"rotation":0,"time":1167,"visible":true},{"position_x":59.0759925842285,"position_y":-439.311737060547,"rotation":0,"time":1183,"visible":true},{"position_x":59.0759925842285,"position_y":-484.745056152344,"rotation":0,"time":1200,"visible":true},{"position_x":59.0759925842285,"position_y":-528.545043945312,"rotation":0,"time":1216,"visible":true},{"position_x":59.0759925842285,"position_y":-570.711730957031,"rotation":0,"time":1233,"visible":true},{"position_x":59.0759925842285,"position_y":-611.245056152344,"rotation":0,"time":1250,"visible":true},{"position_x":59.0759925842285,"position_y":-650.145080566406,"rotation":0,"time":1266,"visible":true},{"position_x":60.4759941101074,"position_y":-687.411743164062,"rotation":0,"time":1283,"visible":true},{"position_x":63.275993347168,"position_y":-723.045104980469,"rotation":0,"time":1300,"visible":true},{"position_x":67.4759902954102,"position_y":-757.045104980469,"rotation":0,"time":1316,"visible":true},{"position_x":73.0759887695312,"position_y":-789.411743164062,"rotation":0,"time":1333,"visible":true},{"position_x":80.0759887695312,"position_y":-820.145080566406,"rotation":0,"time":1350,"visible":true},{"position_x":88.4759902954102,"position_y":-849.245056152344,"rotation":0,"time":1366,"visible":true},{"position_x":98.275993347168,"position_y":-876.711730957031,"rotation":0,"time":1383,"visible":true},{"position_x":109.475997924805,"position_y":-902.545043945312,"rotation":0,"time":1400,"visible":true},{"position_x":122.075996398926,"position_y":-926.745056152344,"rotation":0,"time":1416,"visible":true},{"position_x":136.075988769531,"position_y":-949.311706542969,"rotation":0,"time":1433,"visible":true},{"position_x":151.475982666016,"position_y":-970.245056152344,"rotation":0,"time":1450,"visible":true},{"position_x":166.8759765625,"position_y":-989.545043945312,"rotation":0,"time":1466,"visible":true},{"position_x":180.92448425293,"position_y":-1007.21173095703,"rotation":0,"time":1483,"visible":true},{"position_x":180.925277709961,"position_y":-1022.12274169922,"rotation":0,"time":1500,"visible":true},{"position_x":182.325271606445,"position_y":-1034.47094726562,"rotation":0,"time":1516,"visible":true},{"position_x":185.125274658203,"position_y":-1045.18579101562,"rotation":0,"time":1533,"visible":true},{"position_x":189.325271606445,"position_y":-1054.26733398438,"rotation":0,"time":1550,"visible":true},{"position_x":194.925277709961,"position_y":-1061.71557617188,"rotation":0,"time":1566,"visible":true},{"position_x":201.925277709961,"position_y":-1067.53051757812,"rotation":0,"time":1583,"visible":true},{"position_x":210.325271606445,"position_y":-1071.71203613281,"rotation":0,"time":1600,"visible":true},{"position_x":220.125274658203,"position_y":-1074.26025390625,"rotation":0,"time":1616,"visible":true},{"position_x":231.325271606445,"position_y":-1075.17517089844,"rotation":0,"time":1633,"visible":true},{"position_x":243.925277709961,"position_y":-1074.45678710938,"rotation":0,"time":1650,"visible":true},{"position_x":257.92529296875,"position_y":-1072.10498046875,"rotation":0,"time":1666,"visible":true},{"position_x":273.325286865234,"position_y":-1068.11987304688,"rotation":0,"time":1683,"visible":true},{"position_x":288.725280761719,"position_y":-1062.50146484375,"rotation":0,"time":1700,"visible":true},{"position_x":304.125274658203,"position_y":-1055.24963378906,"rotation":0,"time":1716,"visible":true},{"position_x":319.525268554688,"position_y":-1046.36450195312,"rotation":0,"time":1733,"visible":true},{"position_x":334.925262451172,"position_y":-1035.84606933594,"rotation":0,"time":1750,"visible":true},{"position_x":350.325256347656,"position_y":-1023.69427490234,"rotation":0,"time":1766,"visible":true},{"position_x":365.725250244141,"position_y":-1020.07598876953,"rotation":0,"time":1783,"visible":true},{"position_x":377.391906738281,"position_y":-1020.07598876953,"rotation":0,"time":1800,"visible":true},{"position_x":389.058563232422,"position_y":-1020.07598876953,"rotation":0,"time":1816,"visible":true},{"position_x":400.725219726562,"position_y":-1020.07598876953,"rotation":0,"time":1833,"visible":true},{"position_x":412.391876220703,"position_y":-1020.07598876953,"rotation":0,"time":1850,"visible":true},{"position_x":424.058532714844,"position_y":-1020.07598876953,"rotation":0,"time":1867,"visible":true},{"position_x":435.725189208984,"position_y":-1020.07598876953,"rotation":0,"time":1883,"visible":true},{"position_x":447.391845703125,"position_y":-1020.07598876953,"rotation":0,"time":1900,"visible":true},{"position_x":459.058502197266,"position_y":-1020.07598876953,"rotation":0,"time":1916,"visible":true},{"position_x":470.725158691406,"position_y":-1020.07598876953,"rotation":0,"time":1933,"visible":true},{"position_x":482.391815185547,"position_y":-1020.07598876953,"rotation":0,"time":1950,"visible":true},{"position_x":494.058471679688,"position_y":-1020.07598876953,"rotation":0,"time":1966,"visible":true},{"position_x":505.725128173828,"position_y":-1020.07598876953,"rotation":0,"time":1983,"visible":true},{"position_x":517.391784667969,"position_y":-1020.07598876953,"rotation":0,"time":2000,"visible":true},{"position_x":529.058471679688,"position_y":-1020.07598876953,"rotation":0,"time":2016,"visible":true},{"position_x":540.725158691406,"position_y":-1051.74267578125,"rotation":0,"time":2033,"visible":true},{"position_x":553.791809082031,"position_y":-1081.77600097656,"rotation":0,"time":2050,"visible":true},{"position_x":568.258483886719,"position_y":-1110.17602539062,"rotation":0,"time":2066,"visible":true},{"position_x":584.125183105469,"position_y":-1136.94274902344,"rotation":0,"time":2083,"visible":true},{"position_x":599.991882324219,"position_y":-1162.07604980469,"rotation":0,"time":2100,"visible":true},{"position_x":615.858520507812,"position_y":-1185.57604980469,"rotation":0,"time":2116,"visible":true},{"position_x":631.725158691406,"position_y":-1207.44274902344,"rotation":0,"time":2133,"visible":true},{"position_x":647.591796875,"position_y":-1227.67602539062,"rotation":0,"time":2150,"visible":true},{"position_x":663.458435058594,"position_y":-1246.27600097656,"rotation":0,"time":2166,"visible":true},{"position_x":679.325073242188,"position_y":-1263.24267578125,"rotation":0,"time":2183,"visible":true},{"position_x":695.191772460938,"position_y":-1278.57604980469,"rotation":0,"time":2200,"visible":true},{"position_x":711.058471679688,"position_y":-1292.27600097656,"rotation":0,"time":2216,"visible":true},{"position_x":726.925109863281,"position_y":-1304.34265136719,"rotation":0,"time":2233,"visible":true},{"position_x":742.791748046875,"position_y":-1314.77600097656,"rotation":0,"time":2250,"visible":true},{"position_x":758.658447265625,"position_y":-1323.57604980469,"rotation":0,"time":2266,"visible":true},{"position_x":774.525146484375,"position_y":-1330.74267578125,"rotation":0,"time":2283,"visible":true},{"position_x":790.391784667969,"position_y":-1336.27600097656,"rotation":0,"time":2300,"visible":true},{"position_x":806.258422851562,"position_y":-1340.17602539062,"rotation":0,"time":2316,"visible":true},{"position_x":822.125122070312,"position_y":-1342.44274902344,"rotation":0,"time":2333,"visible":true},{"position_x":837.991760253906,"position_y":-1343.07604980469,"rotation":0,"time":2349,"visible":true},{"position_x":853.8583984375,"position_y":-1342.07604980469,"rotation":0,"time":2366,"visible":true},{"position_x":869.725036621094,"position_y":-1339.44274902344,"rotation":0,"time":2383,"visible":true},{"position_x":885.591674804688,"position_y":-1335.17602539062,"rotation":0,"time":2400,"visible":true},{"position_x":901.458312988281,"position_y":-1329.27600097656,"rotation":0,"time":2416,"visible":true},{"position_x":917.324951171875,"position_y":-1321.74267578125,"rotation":0,"time":2433,"visible":true},{"position_x":933.191589355469,"position_y":-1312.57604980469,"rotation":0,"time":2450,"visible":true},{"position_x":949.058227539062,"position_y":-1301.77600097656,"rotation":0,"time":2466,"visible":true},{"position_x":964.924865722656,"position_y":-1289.34265136719,"rotation":0,"time":2483,"visible":true},{"position_x":980.79150390625,"position_y":-1275.27600097656,"rotation":0,"time":2499,"visible":true},{"position_x":996.658203125,"position_y":-1259.57604980469,"rotation":0,"time":2516,"visible":true},{"position_x":1012.52484130859,"position_y":-1242.24267578125,"rotation":0,"time":2533,"visible":true},{"position_x":1028.39147949219,"position_y":-1223.27600097656,"rotation":0,"time":2550,"visible":true},{"position_x":1044.25817871094,"position_y":-1202.67602539062,"rotation":0,"time":2566,"visible":true},{"position_x":1060.12487792969,"position_y":-1180.44274902344,"rotation":0,"time":2583,"visible":true},{"position_x":1075.99157714844,"position_y":-1156.57604980469,"rotation":0,"time":2600,"visible":true},{"position_x":1091.85827636719,"position_y":-1131.07604980469,"rotation":0,"time":2616,"visible":true},{"position_x":1107.72497558594,"position_y":-1103.94274902344,"rotation":0,"time":2633,"visible":true},{"position_x":1123.59167480469,"position_y":-1075.17602539062,"rotation":0,"time":2650,"visible":true},{"position_x":1139.45837402344,"position_y":-1044.77600097656,"rotation":0,"time":2666,"visible":true},{"position_x":1155.32507324219,"position_y":-1020.07482910156,"rotation":0,"time":2683,"visible":true},{"position_x":1166.99169921875,"position_y":-1020.07482910156,"rotation":0,"time":2700,"visible":true}]