[{"position_x":-300,"position_y":60,"rotation":0,"time":0,"visible":true},{"position_x":-300,"position_y":60,"rotation":0,"time":0,"visible":true},{"position_x":-300,"position_y":60,"rotation":0,"time":0,"visible":true},{"position_x":-300,"position_y":60,"rotation":0,"time":0,"visible":true},{"position_x":-300,"position_y":60,"rotation":0,"time":0,"visible":true},{"position_x":-300,"position_y":60,"rotation":0,"time":0,"visible":true},{"position_x":-300,"position_y":60,"rotation":0,"time":0,"visible":true},{"position_x":-300,"position_y":60,"rotation":0,"time":0,"visible":true},{"position_x":-300,"position_y":60,"rotation":0,"time":0,"visible":true},{"position_x":-300,"position_y":60,"rotation":0,"time":0,"visible":true},{"position_x":-300,"position_y":60,"rotation":0,"time":0,"visible":true},{"position_x":-300,"position_y":60,"rotation":0,"time":0,"visible":true},{"position_x":-300,"position_y":60,"rotation":0,"time":0,"visible":true},{"position_x":-300,"position_y":60,"rotation":0,"time":0,"visible":true},{"position_x":-300,"position_y":60,"rotation":0,"time":0,"visible":true},{"position_x":-300,"position_y":60,"rotation":0,"time":0,"visible":true},{"position_x":-300,"position_y":60,"rotation":0,"time":0,"visible":true},{"position_x":-300,"position_y":60,"rotation":0,"time":0,"visible":true},{"position_x":-300,"position_y":60,"rotation":0,"time":0,"visible":true},{"position_x":-300,"position_y":60,"rotation":0,"time":0,"visible":true},{"position_x":-300,"position_y":60,"rotation":0,"time":0,"visible":true},{"position_x":-300,"position_y":60,"rotation":0,"time":0,"visible":true},{"position_x":-300,"position_y":60,"rotation":0,"time":0,"visible":true},{"position_x":-300,"position_y":28.2586059570312,"rotation":0,"time":0,"visible":true},{"position_x":-298.600006103516,"position_y":-1.77472496032715,"rotation":0,"time":17,"visible":true},{"position_x":-295.800018310547,"position_y":-30.1747303009033,"rotation":0,"time":33,"visible":true},{"position_x":-291.600006103516,"position_y":-56.9413986206055,"rotation":0,"time":50,"visible":true},{"position_x":-286,"position_y":-82.0747375488281,"rotation":0,"time":67,"visible":true},{"position_x":-279,"position_y":-105.574737548828,"rotation":0,"time":83,"visible":true},{"position_x":-270.600006103516,"position_y":-127.44140625,"rotation":0,"time":100,"visible":true},{"position_x":-260.800018310547,"position_y":-147.674743652344,"rotation":0,"time":117,"visible":true},{"position_x":-249.600021362305,"position_y":-166.274749755859,"rotation":0,"time":133,"visible":true},{"position_x":-237.000015258789,"position_y":-183.241424560547,"rotation":0,"time":150,"visible":true},{"position_x":-223.000015258789,"position_y":-198.574768066406,"rotation":0,"time":167,"visible":true},{"position_x":-207.600006103516,"position_y":-212.274765014648,"rotation":0,"time":184,"visible":true},{"position_x":-192.200012207031,"position_y":-224.341430664062,"rotation":0,"time":200,"visible":true},{"position_x":-176.800018310547,"position_y":-234.774765014648,"rotation":0,"time":217,"visible":true},{"position_x":-161.400024414062,"position_y":-243.574768066406,"rotation":0,"time":233,"visible":true},{"position_x":-146.000015258789,"position_y":-250.741439819336,"rotation":0,"time":250,"visible":true},{"position_x":-130.600021362305,"position_y":-256.274780273438,"rotation":0,"time":267,"visible":true},{"position_x":-115.200019836426,"position_y":-260.174774169922,"rotation":0,"time":283,"visible":true},{"position_x":-99.8000183105469,"position_y":-262.441436767578,"rotation":0,"time":300,"visible":true},{"position_x":-84.400016784668,"position_y":-263.074768066406,"rotation":0,"time":317,"visible":true},{"position_x":-69.0000152587891,"position_y":-262.074768066406,"rotation":0,"time":333,"visible":true},{"position_x":-53.6000137329102,"position_y":-259.441436767578,"rotation":0,"time":350,"visible":true},{"position_x":-38.2000122070312,"position_y":-255.174774169922,"rotation":0,"time":367,"visible":true},{"position_x":-22.8000144958496,"position_y":-249.274780273438,"rotation":0,"time":383,"visible":true},{"position_x":-7.40001392364502,"position_y":-241.741439819336,"rotation":0,"time":400,"visible":true},{"position_x":7.99998760223389,"position_y":-232.574768066406,"rotation":0,"time":417,"visible":true},{"position_x":23.3999900817871,"position_y":-221.774765014648,"rotation":0,"time":433,"visible":true},{"position_x":38.799991607666,"position_y":-209.341430664062,"rotation":0,"time":450,"visible":true},{"position_x":54.1999893188477,"position_y":-195.274765014648,"rotation":0,"time":467,"visible":true},{"position_x":69.5999908447266,"position_y":-179.574768066406,"rotation":0,"time":483,"visible":true},{"position_x":84.9999923706055,"position_y":-162.241439819336,"rotation":0,"time":500,"visible":true},{"position_x":100.399993896484,"position_y":-143.274765014648,"rotation":0,"time":517,"visible":true},{"position_x":115.799995422363,"position_y":-122.674766540527,"rotation":0,"time":533,"visible":true},{"position_x":131.199996948242,"position_y":-100.441436767578,"rotation":0,"time":550,"visible":true},{"position_x":146.599990844727,"position_y":-76.5747680664062,"rotation":0,"time":567,"visible":true},{"position_x":161.999984741211,"position_y":-51.0747680664062,"rotation":0,"time":583,"visible":true},{"position_x":177.399978637695,"position_y":-23.9414348602295,"rotation":0,"time":600,"visible":true},{"position_x":192.799987792969,"position_y":4.82523727416992,"rotation":0,"time":617,"visible":true},{"position_x":208.199981689453,"position_y":35.2252388000488,"rotation":0,"time":633,"visible":true},{"position_x":223.599990844727,"position_y":59.9240226745605,"rotation":0,"time":650,"visible":true},{"position_x":235.266662597656,"position_y":59.9240226745605,"rotation":0,"time":667,"visible":true}]
