[{"position_x":-298.599975585938,"position_y":59.9252395629883,"rotation":0,"time":0,"visible":true},{"position_x":-295.799987792969,"position_y":59.9252395629883,"rotation":0,"time":17,"visible":true},{"position_x":-291.599975585938,"position_y":59.9252395629883,"rotation":0,"time":33,"visible":true},{"position_x":-285.999969482422,"position_y":59.9252395629883,"rotation":0,"time":50,"visible":true},{"position_x":-278.999969482422,"position_y":59.9252395629883,"rotation":0,"time":67,"visible":true},{"position_x":-270.599975585938,"position_y":59.9252395629883,"rotation":0,"time":83,"visible":true},{"position_x":-260.799987792969,"position_y":59.9252395629883,"rotation":0,"time":100,"visible":true},{"position_x":-249.599990844727,"position_y":59.9252395629883,"rotation":0,"time":117,"visible":true},{"position_x":-237.933319091797,"position_y":59.9252395629883,"rotation":0,"time":133,"visible":true},{"position_x":-226.266647338867,"position_y":59.9252395629883,"rotation":0,"time":150,"visible":true},{"position_x":-214.599975585938,"position_y":59.9252395629883,"rotation":0,"time":167,"visible":true},{"position_x":-202.933303833008,"position_y":59.9252395629883,"rotation":0,"time":183,"visible":true},{"position_x":-191.266632080078,"position_y":59.9252395629883,"rotation":0,"time":200,"visible":true},{"position_x":-179.599960327148,"position_y":59.9252395629883,"rotation":0,"time":217,"visible":true},{"position_x":-167.933288574219,"position_y":59.9252395629883,"rotation":0,"time":233,"visible":true},{"position_x":-156.266616821289,"position_y":59.9252395629883,"rotation":0,"time":250,"visible":true},{"position_x":-144.599945068359,"position_y":59.9252395629883,"rotation":0,"time":267,"visible":true},{"position_x":-132.93327331543,"position_y":59.9252395629883,"rotation":0,"time":283,"visible":true},{"position_x":-121.266609191895,"position_y":59.9252395629883,"rotation":0,"time":300,"visible":true},{"position_x":-109.599945068359,"position_y":59.9252395629883,"rotation":0,"time":317,"visible":true},{"position_x":-97.9332809448242,"position_y":59.9252395629883,"rotation":0,"time":333,"visible":true},{"position_x":-86.2666168212891,"position_y":59.9252395629883,"rotation":0,"time":350,"visible":true},{"position_x":-74.5999526977539,"position_y":59.9252395629883,"rotation":0,"time":367,"visible":true},{"position_x":-62.9332847595215,"position_y":59.9252395629883,"rotation":0,"time":383,"visible":true},{"position_x":-51.2666168212891,"position_y":59.9252395629883,"rotation":0,"time":401,"visible":true},{"position_x":-39.5999488830566,"position_y":59.9252395629883,"rotation":0,"time":417,"visible":true},{"position_x":-27.9332809448242,"position_y":59.9252395629883,"rotation":0,"time":433,"visible":true},{"position_x":-16.2666130065918,"position_y":59.9252395629883,"rotation":0,"time":451,"visible":true},{"position_x":-4.59994602203369,"position_y":59.9252395629883,"rotation":0,"time":466,"visible":true},{"position_x":7.06672096252441,"position_y":59.9252395629883,"rotation":0,"time":483,"visible":true},{"position_x":18.7333869934082,"position_y":59.9252395629883,"rotation":0,"time":500,"visible":true},{"position_x":30.4000549316406,"position_y":59.9252395629883,"rotation":0,"time":517,"visible":true},{"position_x":42.066722869873,"position_y":59.9252395629883,"rotation":0,"time":534,"visible":true},{"position_x":53.7333908081055,"position_y":59.9252395629883,"rotation":0,"time":550,"visible":true},{"position_x":65.4000549316406,"position_y":59.9252395629883,"rotation":0,"time":567,"visible":true},{"position_x":78.4667205810547,"position_y":61.5585708618164,"rotation":0,"time":583,"visible":true},{"position_x":92.9333877563477,"position_y":64.8252410888672,"rotation":0,"time":600,"visible":true},{"position_x":108.80005645752,"position_y":69.7252426147461,"rotation":0,"time":617,"visible":true},{"position_x":124.666725158691,"position_y":76.2585754394531,"rotation":0,"time":633,"visible":true},{"position_x":140.533386230469,"position_y":84.4252471923828,"rotation":0,"time":650,"visible":true},{"position_x":156.400054931641,"position_y":94.2252502441406,"rotation":0,"time":667,"visible":true},{"position_x":172.266723632812,"position_y":105.658584594727,"rotation":0,"time":683,"visible":true},{"position_x":188.133392333984,"position_y":118.725250244141,"rotation":0,"time":700,"visible":true},{"position_x":204.000061035156,"position_y":133.425247192383,"rotation":0,"time":717,"visible":true},{"position_x":219.866729736328,"position_y":149.758575439453,"rotation":0,"time":733,"visible":true},{"position_x":235.7333984375,"position_y":167.725250244141,"rotation":0,"time":750,"visible":true},{"position_x":251.600067138672,"position_y":187.325256347656,"rotation":0,"time":767,"visible":true},{"position_x":267.466735839844,"position_y":208.55859375,"rotation":0,"time":783,"visible":true},{"position_x":283.333404541016,"position_y":231.425262451172,"rotation":0,"time":800,"visible":true},{"position_x":299.200073242188,"position_y":255.925262451172,"rotation":0,"time":817,"visible":true},{"position_x":315.066741943359,"position_y":282.05859375,"rotation":0,"time":833,"visible":true},{"position_x":330.933410644531,"position_y":299.925170898438,"rotation":0,"time":850,"visible":true},{"position_x":340.453735351562,"position_y":268.257476806641,"rotation":0,"time":867,"visible":true},{"position_x":349.973724365234,"position_y":238.224151611328,"rotation":0,"time":883,"visible":true},{"position_x":359.493713378906,"position_y":209.824157714844,"rotation":0,"time":900,"visible":true},{"position_x":369.013702392578,"position_y":183.057495117188,"rotation":0,"time":916,"visible":true},{"position_x":378.53369140625,"position_y":157.924163818359,"rotation":0,"time":933,"visible":true},{"position_x":388.053680419922,"position_y":134.424163818359,"rotation":0,"time":950,"visible":true},{"position_x":397.573669433594,"position_y":112.557495117188,"rotation":0,"time":967,"visible":true},{"position_x":407.093658447266,"position_y":92.3241577148438,"rotation":0,"time":983,"visible":true},{"position_x":416.613647460938,"position_y":73.7241592407227,"rotation":0,"time":1000,"visible":true},{"position_x":420.924682617188,"position_y":56.7574920654297,"rotation":0,"time":1017,"visible":true},{"position_x":420.924682617188,"position_y":41.4241561889648,"rotation":0,"time":1033,"visible":true},{"position_x":420.924682617188,"position_y":27.7241554260254,"rotation":0,"time":1050,"visible":true},{"position_x":420.924682617188,"position_y":15.6574878692627,"rotation":0,"time":1067,"visible":true},{"position_x":420.924682617188,"position_y":5.22415351867676,"rotation":0,"time":1084,"visible":true},{"position_x":420.924682617188,"position_y":-3.57584667205811,"rotation":0,"time":1100,"visible":true},{"position_x":420.924682617188,"position_y":-10.7425136566162,"rotation":0,"time":1117,"visible":true},{"position_x":420.924682617188,"position_y":-16.2758483886719,"rotation":0,"time":1133,"visible":true},{"position_x":420.924682617188,"position_y":-20.1758480072021,"rotation":0,"time":1150,"visible":true},{"position_x":420.924682617188,"position_y":-22.4425144195557,"rotation":0,"time":1167,"visible":true},{"position_x":420.924682617188,"position_y":-23.0758476257324,"rotation":0,"time":1183,"visible":true},{"position_x":420.924682617188,"position_y":-22.0758476257324,"rotation":0,"time":1200,"visible":true},{"position_x":420.924682617188,"position_y":-19.4425144195557,"rotation":0,"time":1216,"visible":true},{"position_x":420.924682617188,"position_y":-15.1758480072021,"rotation":0,"time":1233,"visible":true},{"position_x":420.924682617188,"position_y":-9.27584838867188,"rotation":0,"time":1250,"visible":true},{"position_x":420.924682617188,"position_y":-1.74251461029053,"rotation":0,"time":1267,"visible":true},{"position_x":420.924682617188,"position_y":7.42415237426758,"rotation":0,"time":1283,"visible":true},{"position_x":422.324676513672,"position_y":18.2241516113281,"rotation":0,"time":1300,"visible":true},{"position_x":425.124664306641,"position_y":30.6574859619141,"rotation":0,"time":1316,"visible":true},{"position_x":429.324676513672,"position_y":44.7241516113281,"rotation":0,"time":1333,"visible":true},{"position_x":434.924652099609,"position_y":59.9252662658691,"rotation":0,"time":1350,"visible":true},{"position_x":441.924652099609,"position_y":59.9252662658691,"rotation":0,"time":1366,"visible":true},{"position_x":450.324951171875,"position_y":28.2574405670166,"rotation":0,"time":1383,"visible":true},{"position_x":460.124938964844,"position_y":-1.77589416503906,"rotation":0,"time":1401,"visible":true},{"position_x":471.324951171875,"position_y":-30.1758937835693,"rotation":0,"time":1416,"visible":true},{"position_x":483.924957275391,"position_y":-56.9425659179688,"rotation":0,"time":1433,"visible":true},{"position_x":497.924957275391,"position_y":-82.0758972167969,"rotation":0,"time":1450,"visible":true},{"position_x":513.324951171875,"position_y":-105.575897216797,"rotation":0,"time":1467,"visible":true},{"position_x":528.724975585938,"position_y":-127.442565917969,"rotation":0,"time":1483,"visible":true},{"position_x":544.125,"position_y":-147.675903320312,"rotation":0,"time":1500,"visible":true},{"position_x":559.525024414062,"position_y":-166.275909423828,"rotation":0,"time":1516,"visible":true},{"position_x":574.925048828125,"position_y":-183.242568969727,"rotation":0,"time":1533,"visible":true},{"position_x":590.325073242188,"position_y":-198.575897216797,"rotation":0,"time":1550,"visible":true},{"position_x":605.72509765625,"position_y":-212.275894165039,"rotation":0,"time":1566,"visible":true},{"position_x":621.125122070312,"position_y":-224.342559814453,"rotation":0,"time":1583,"visible":true},{"position_x":636.525146484375,"position_y":-234.775894165039,"rotation":0,"time":1600,"visible":true},{"position_x":651.925170898438,"position_y":-243.575897216797,"rotation":0,"time":1616,"visible":true},{"position_x":667.3251953125,"position_y":-250.742568969727,"rotation":0,"time":1634,"visible":true},{"position_x":682.725219726562,"position_y":-256.275909423828,"rotation":0,"time":1650,"visible":true},{"position_x":698.125244140625,"position_y":-260.175903320312,"rotation":0,"time":1666,"visible":true},{"position_x":713.525268554688,"position_y":-262.442565917969,"rotation":0,"time":1683,"visible":true},{"position_x":728.92529296875,"position_y":-263.075897216797,"rotation":0,"time":1700,"visible":true},{"position_x":744.325317382812,"position_y":-262.075897216797,"rotation":0,"time":1717,"visible":true},{"position_x":759.725341796875,"position_y":-259.442565917969,"rotation":0,"time":1733,"visible":true},{"position_x":775.125366210938,"position_y":-255.175903320312,"rotation":0,"time":1750,"visible":true},{"position_x":780.924560546875,"position_y":-249.275894165039,"rotation":0,"time":1767,"visible":true},{"position_x":780.925231933594,"position_y":-242.269897460938,"rotation":0,"time":1783,"visible":true},{"position_x":780.925231933594,"position_y":-234.235321044922,"rotation":0,"time":1800,"visible":true},{"position_x":780.925231933594,"position_y":-225.244155883789,"rotation":0,"time":1817,"visible":true},{"position_x":780.925231933594,"position_y":-215.363372802734,"rotation":0,"time":1833,"visible":true},{"position_x":780.925231933594,"position_y":-204.655258178711,"rotation":0,"time":1850,"visible":true},{"position_x":780.925231933594,"position_y":-193.177703857422,"rotation":0,"time":1866,"visible":true},{"position_x":780.925231933594,"position_y":-180.984573364258,"rotation":0,"time":1884,"visible":true},{"position_x":780.924011230469,"position_y":-180.011306762695,"rotation":0,"time":1900,"visible":true},{"position_x":780.925231933594,"position_y":-209.461318969727,"rotation":0,"time":1917,"visible":true},{"position_x":780.925231933594,"position_y":-235.330810546875,"rotation":0,"time":1933,"visible":true},{"position_x":780.925231933594,"position_y":-257.870452880859,"rotation":0,"time":1950,"visible":true},{"position_x":780.925231933594,"position_y":-277.313323974609,"rotation":0,"time":1967,"visible":true},{"position_x":780.925231933594,"position_y":-293.876190185547,"rotation":0,"time":1983,"visible":true},{"position_x":780.925231933594,"position_y":-307.760650634766,"rotation":0,"time":2000,"visible":true},{"position_x":782.325256347656,"position_y":-319.154205322266,"rotation":0,"time":2016,"visible":true},{"position_x":785.125244140625,"position_y":-328.914428710938,"rotation":0,"time":2033,"visible":true},{"position_x":789.325256347656,"position_y":-337.041320800781,"rotation":0,"time":2050,"visible":true},{"position_x":794.925231933594,"position_y":-343.534881591797,"rotation":0,"time":2067,"visible":true},{"position_x":801.925231933594,"position_y":-348.395111083984,"rotation":0,"time":2083,"visible":true},{"position_x":810.325256347656,"position_y":-351.621978759766,"rotation":0,"time":2100,"visible":true},{"position_x":820.125244140625,"position_y":-353.215515136719,"rotation":0,"time":2116,"visible":true},{"position_x":831.325256347656,"position_y":-353.175720214844,"rotation":0,"time":2133,"visible":true},{"position_x":842.525268554688,"position_y":-351.502593994141,"rotation":0,"time":2150,"visible":true},{"position_x":853.725280761719,"position_y":-348.196136474609,"rotation":0,"time":2167,"visible":true},{"position_x":864.92529296875,"position_y":-343.25634765625,"rotation":0,"time":2184,"visible":true},{"position_x":876.125305175781,"position_y":-336.683227539062,"rotation":0,"time":2200,"visible":true},{"position_x":887.325317382812,"position_y":-328.476776123047,"rotation":0,"time":2216,"visible":true},{"position_x":898.525329589844,"position_y":-318.636993408203,"rotation":0,"time":2233,"visible":true},{"position_x":909.725341796875,"position_y":-307.163879394531,"rotation":0,"time":2250,"visible":true},{"position_x":920.925354003906,"position_y":-300.074859619141,"rotation":0,"time":2268,"visible":true},{"position_x":927.645324707031,"position_y":-300.074859619141,"rotation":0,"time":2283,"visible":true},{"position_x":931.677307128906,"position_y":-300.074859619141,"rotation":0,"time":2300,"visible":true},{"position_x":931.50927734375,"position_y":-300.074859619141,"rotation":0,"time":2317,"visible":true},{"position_x":929.941223144531,"position_y":-331.742645263672,"rotation":0,"time":2333,"visible":true},{"position_x":926.973205566406,"position_y":-361.775970458984,"rotation":0,"time":2350,"visible":true},{"position_x":922.605224609375,"position_y":-390.175964355469,"rotation":0,"time":2367,"visible":true},{"position_x":916.837219238281,"position_y":-416.942626953125,"rotation":0,"time":2383,"visible":true},{"position_x":909.669189453125,"position_y":-442.075958251953,"rotation":0,"time":2400,"visible":true},{"position_x":901.101196289062,"position_y":-465.575958251953,"rotation":0,"time":2417,"visible":true},{"position_x":891.133178710938,"position_y":-487.442626953125,"rotation":0,"time":2433,"visible":true},{"position_x":879.765197753906,"position_y":-507.675964355469,"rotation":0,"time":2450,"visible":true},{"position_x":866.997192382812,"position_y":-526.275939941406,"rotation":0,"time":2467,"visible":true},{"position_x":852.829223632812,"position_y":-543.242614746094,"rotation":0,"time":2483,"visible":true},{"position_x":837.26123046875,"position_y":-558.575927734375,"rotation":0,"time":2501,"visible":true},{"position_x":821.693237304688,"position_y":-572.275939941406,"rotation":0,"time":2516,"visible":true},{"position_x":806.125244140625,"position_y":-584.342590332031,"rotation":0,"time":2534,"visible":true},{"position_x":790.557250976562,"position_y":-594.775939941406,"rotation":0,"time":2550,"visible":true},{"position_x":774.9892578125,"position_y":-603.575927734375,"rotation":0,"time":2567,"visible":true},{"position_x":759.421264648438,"position_y":-610.742614746094,"rotation":0,"time":2583,"visible":true},{"position_x":743.853271484375,"position_y":-616.275939941406,"rotation":0,"time":2600,"visible":true},{"position_x":728.285278320312,"position_y":-620.175964355469,"rotation":0,"time":2616,"visible":true},{"position_x":712.71728515625,"position_y":-622.442626953125,"rotation":0,"time":2633,"visible":true},{"position_x":697.149291992188,"position_y":-623.075988769531,"rotation":0,"time":2650,"visible":true},{"position_x":681.581298828125,"position_y":-622.075988769531,"rotation":0,"time":2667,"visible":true},{"position_x":666.013305664062,"position_y":-619.442626953125,"rotation":0,"time":2683,"visible":true},{"position_x":650.4453125,"position_y":-615.175964355469,"rotation":0,"time":2700,"visible":true},{"position_x":634.877319335938,"position_y":-609.275939941406,"rotation":0,"time":2717,"visible":true},{"position_x":619.309326171875,"position_y":-601.742614746094,"rotation":0,"time":2733,"visible":true},{"position_x":603.741333007812,"position_y":-592.575927734375,"rotation":0,"time":2750,"visible":true},{"position_x":588.17333984375,"position_y":-581.775939941406,"rotation":0,"time":2767,"visible":true},{"position_x":572.605346679688,"position_y":-569.342590332031,"rotation":0,"time":2783,"visible":true},{"position_x":557.037353515625,"position_y":-555.275939941406,"rotation":0,"time":2800,"visible":true},{"position_x":541.469360351562,"position_y":-540.07470703125,"rotation":0,"time":2817,"visible":true},{"position_x":529.802307128906,"position_y":-571.742492675781,"rotation":0,"time":2834,"visible":true},{"position_x":516.735656738281,"position_y":-601.775817871094,"rotation":0,"time":2850,"visible":true},{"position_x":502.268981933594,"position_y":-630.175842285156,"rotation":0,"time":2867,"visible":true},{"position_x":486.402313232422,"position_y":-656.942504882812,"rotation":0,"time":2883,"visible":true},{"position_x":470.53564453125,"position_y":-682.075866699219,"rotation":0,"time":2900,"visible":true},{"position_x":454.668975830078,"position_y":-705.575866699219,"rotation":0,"time":2917,"visible":true},{"position_x":438.802307128906,"position_y":-727.442504882812,"rotation":0,"time":2933,"visible":true},{"position_x":422.935638427734,"position_y":-747.675842285156,"rotation":0,"time":2950,"visible":true},{"position_x":407.068969726562,"position_y":-766.275817871094,"rotation":0,"time":2967,"visible":true},{"position_x":391.202301025391,"position_y":-783.242492675781,"rotation":0,"time":2983,"visible":true},{"position_x":375.335632324219,"position_y":-798.575805664062,"rotation":0,"time":3000,"visible":true},{"position_x":359.468963623047,"position_y":-812.275817871094,"rotation":0,"time":3017,"visible":true},{"position_x":343.602294921875,"position_y":-824.342468261719,"rotation":0,"time":3033,"visible":true},{"position_x":327.735626220703,"position_y":-834.775817871094,"rotation":0,"time":3050,"visible":true},{"position_x":311.868957519531,"position_y":-843.575805664062,"rotation":0,"time":3067,"visible":true},{"position_x":296.002288818359,"position_y":-850.742492675781,"rotation":0,"time":3083,"visible":true},{"position_x":280.135620117188,"position_y":-856.275817871094,"rotation":0,"time":3100,"visible":true},{"position_x":264.268951416016,"position_y":-860.175842285156,"rotation":0,"time":3116,"visible":true},{"position_x":248.402282714844,"position_y":-862.442504882812,"rotation":0,"time":3133,"visible":true},{"position_x":232.535614013672,"position_y":-863.075866699219,"rotation":0,"time":3150,"visible":true},{"position_x":216.6689453125,"position_y":-862.075866699219,"rotation":0,"time":3166,"visible":true},{"position_x":200.802276611328,"position_y":-859.442504882812,"rotation":0,"time":3183,"visible":true},{"position_x":184.935607910156,"position_y":-855.175842285156,"rotation":0,"time":3200,"visible":true},{"position_x":169.068939208984,"position_y":-849.275817871094,"rotation":0,"time":3217,"visible":true},{"position_x":153.202270507812,"position_y":-841.742492675781,"rotation":0,"time":3233,"visible":true},{"position_x":137.335601806641,"position_y":-832.575805664062,"rotation":0,"time":3250,"visible":true},{"position_x":121.468933105469,"position_y":-821.775817871094,"rotation":0,"time":3267,"visible":true},{"position_x":105.602264404297,"position_y":-809.342468261719,"rotation":0,"time":3284,"visible":true},{"position_x":89.735595703125,"position_y":-795.275817871094,"rotation":0,"time":3300,"visible":true},{"position_x":73.8689270019531,"position_y":-779.575805664062,"rotation":0,"time":3317,"visible":true},{"position_x":58.0022583007812,"position_y":-762.242492675781,"rotation":0,"time":3334,"visible":true},{"position_x":42.1355895996094,"position_y":-743.275817871094,"rotation":0,"time":3350,"visible":true},{"position_x":26.2689247131348,"position_y":-722.675842285156,"rotation":0,"time":3367,"visible":true},{"position_x":14.6022577285767,"position_y":-700.442504882812,"rotation":0,"time":3383,"visible":true},{"position_x":7.13559055328369,"position_y":-676.575805664062,"rotation":0,"time":3400,"visible":true},{"position_x":3.8689239025116,"position_y":-651.075805664062,"rotation":0,"time":3417,"visible":true},{"position_x":4.80225706100464,"position_y":-623.942443847656,"rotation":0,"time":3433,"visible":true},{"position_x":7.13559055328369,"position_y":-595.17578125,"rotation":0,"time":3450,"visible":true},{"position_x":10.8689241409302,"position_y":-564.775756835938,"rotation":0,"time":3467,"visible":true},{"position_x":16.0022583007812,"position_y":-532.742431640625,"rotation":0,"time":3483,"visible":true},{"position_x":22.5355911254883,"position_y":-499.075775146484,"rotation":0,"time":3500,"visible":true},{"position_x":30.4689254760742,"position_y":-463.775756835938,"rotation":0,"time":3517,"visible":true},{"position_x":39.8022613525391,"position_y":-426.842407226562,"rotation":0,"time":3533,"visible":true},{"position_x":50.5355949401855,"position_y":-420.074951171875,"rotation":0,"time":3550,"visible":true},{"position_x":62.202262878418,"position_y":-420.074951171875,"rotation":0,"time":3566,"visible":true},{"position_x":69.202262878418,"position_y":-420.074951171875,"rotation":0,"time":3583,"visible":true},{"position_x":73.4022598266602,"position_y":-420.074951171875,"rotation":0,"time":3600,"visible":true},{"position_x":73.4022598266602,"position_y":-451.742645263672,"rotation":0,"time":3617,"visible":true},{"position_x":72.0022583007812,"position_y":-481.775970458984,"rotation":0,"time":3633,"visible":true},{"position_x":69.2022552490234,"position_y":-510.175964355469,"rotation":0,"time":3650,"visible":true},{"position_x":65.0022583007812,"position_y":-536.942626953125,"rotation":0,"time":3666,"visible":true},{"position_x":59.4022598266602,"position_y":-562.075988769531,"rotation":0,"time":3683,"visible":true},{"position_x":52.4022598266602,"position_y":-585.575988769531,"rotation":0,"time":3700,"visible":true},{"position_x":44.0022583007812,"position_y":-607.442626953125,"rotation":0,"time":3717,"visible":true},{"position_x":34.2022590637207,"position_y":-627.675964355469,"rotation":0,"time":3733,"visible":true},{"position_x":23.0022583007812,"position_y":-646.275939941406,"rotation":0,"time":3750,"visible":true},{"position_x":10.4022569656372,"position_y":-663.242614746094,"rotation":0,"time":3766,"visible":true},{"position_x":-3.59774494171143,"position_y":-678.575927734375,"rotation":0,"time":3783,"visible":true},{"position_x":-18.9977474212646,"position_y":-692.275939941406,"rotation":0,"time":3800,"visible":true},{"position_x":-34.3977470397949,"position_y":-704.342590332031,"rotation":0,"time":3816,"visible":true},{"position_x":-49.7977447509766,"position_y":-714.775939941406,"rotation":0,"time":3833,"visible":true},{"position_x":-65.1977462768555,"position_y":-723.575927734375,"rotation":0,"time":3850,"visible":true},{"position_x":-80.5977478027344,"position_y":-730.742614746094,"rotation":0,"time":3866,"visible":true},{"position_x":-95.9977493286133,"position_y":-736.275939941406,"rotation":0,"time":3883,"visible":true},{"position_x":-111.397750854492,"position_y":-740.175964355469,"rotation":0,"time":3900,"visible":true},{"position_x":-126.797752380371,"position_y":-742.442626953125,"rotation":0,"time":3916,"visible":true},{"position_x":-142.19775390625,"position_y":-743.075988769531,"rotation":0,"time":3933,"visible":true},{"position_x":-157.597747802734,"position_y":-742.075988769531,"rotation":0,"time":3950,"visible":true},{"position_x":-172.997741699219,"position_y":-739.442626953125,"rotation":0,"time":3967,"visible":true},{"position_x":-188.397735595703,"position_y":-735.175964355469,"rotation":0,"time":3983,"visible":true},{"position_x":-203.797729492188,"position_y":-729.275939941406,"rotation":0,"time":4000,"visible":true},{"position_x":-219.197723388672,"position_y":-721.742614746094,"rotation":0,"time":4016,"visible":true},{"position_x":-234.597717285156,"position_y":-712.575927734375,"rotation":0,"time":4033,"visible":true},{"position_x":-249.997711181641,"position_y":-701.775939941406,"rotation":0,"time":4050,"visible":true},{"position_x":-265.397705078125,"position_y":-689.342590332031,"rotation":0,"time":4067,"visible":true},{"position_x":-280.797698974609,"position_y":-675.275939941406,"rotation":0,"time":4083,"visible":true},{"position_x":-296.197692871094,"position_y":-659.575927734375,"rotation":0,"time":4100,"visible":true},{"position_x":-311.597686767578,"position_y":-642.242614746094,"rotation":0,"time":4116,"visible":true},{"position_x":-326.997680664062,"position_y":-623.275939941406,"rotation":0,"time":4133,"visible":true},{"position_x":-342.397674560547,"position_y":-602.675964355469,"rotation":0,"time":4150,"visible":true},{"position_x":-357.797668457031,"position_y":-580.442626953125,"rotation":0,"time":4167,"visible":true},{"position_x":-373.197662353516,"position_y":-556.575927734375,"rotation":0,"time":4183,"visible":true},{"position_x":-388.59765625,"position_y":-531.075927734375,"rotation":0,"time":4200,"visible":true},{"position_x":-403.997650146484,"position_y":-503.942596435547,"rotation":0,"time":4216,"visible":true},{"position_x":-419.397644042969,"position_y":-475.175933837891,"rotation":0,"time":4233,"visible":true},{"position_x":-434.797637939453,"position_y":-444.775939941406,"rotation":0,"time":4250,"visible":true},{"position_x":-450.197662353516,"position_y":-420.074768066406,"rotation":0,"time":4267,"visible":true},{"position_x":-461.864715576172,"position_y":-451.742492675781,"rotation":0,"time":4283,"visible":true},{"position_x":-474.931396484375,"position_y":-481.775817871094,"rotation":0,"time":4300,"visible":true},{"position_x":-489.398071289062,"position_y":-510.175811767578,"rotation":0,"time":4317,"visible":true},{"position_x":-505.264739990234,"position_y":-536.942504882812,"rotation":0,"time":4333,"visible":true},{"position_x":-521.131408691406,"position_y":-562.075866699219,"rotation":0,"time":4350,"visible":true},{"position_x":-536.998046875,"position_y":-585.575866699219,"rotation":0,"time":4366,"visible":true},{"position_x":-552.864685058594,"position_y":-607.442504882812,"rotation":0,"time":4383,"visible":true},{"position_x":-568.731323242188,"position_y":-627.675842285156,"rotation":0,"time":4400,"visible":true},{"position_x":-584.597961425781,"position_y":-646.275817871094,"rotation":0,"time":4417,"visible":true},{"position_x":-600.464599609375,"position_y":-663.242492675781,"rotation":0,"time":4434,"visible":true},{"position_x":-616.331298828125,"position_y":-678.575805664062,"rotation":0,"time":4450,"visible":true},{"position_x":-632.197998046875,"position_y":-692.275817871094,"rotation":0,"time":4466,"visible":true},{"position_x":-648.064636230469,"position_y":-704.342468261719,"rotation":0,"time":4483,"visible":true},{"position_x":-663.931274414062,"position_y":-714.775817871094,"rotation":0,"time":4500,"visible":true},{"position_x":-679.797973632812,"position_y":-723.575805664062,"rotation":0,"time":4517,"visible":true},{"position_x":-695.664672851562,"position_y":-730.742492675781,"rotation":0,"time":4534,"visible":true},{"position_x":-711.531311035156,"position_y":-736.275817871094,"rotation":0,"time":4550,"visible":true},{"position_x":-727.39794921875,"position_y":-740.175842285156,"rotation":0,"time":4566,"visible":true},{"position_x":-743.2646484375,"position_y":-742.442504882812,"rotation":0,"time":4583,"visible":true},{"position_x":-759.131286621094,"position_y":-743.075866699219,"rotation":0,"time":4600,"visible":true},{"position_x":-774.997924804688,"position_y":-742.075866699219,"rotation":0,"time":4617,"visible":true},{"position_x":-790.864562988281,"position_y":-739.442504882812,"rotation":0,"time":4633,"visible":true},{"position_x":-806.731201171875,"position_y":-735.175842285156,"rotation":0,"time":4650,"visible":true},{"position_x":-822.597839355469,"position_y":-729.275817871094,"rotation":0,"time":4667,"visible":true},{"position_x":-834.264526367188,"position_y":-721.742492675781,"rotation":0,"time":4684,"visible":true},{"position_x":-841.731201171875,"position_y":-712.575805664062,"rotation":0,"time":4700,"visible":true},{"position_x":-844.997863769531,"position_y":-701.775817871094,"rotation":0,"time":4716,"visible":true},{"position_x":-844.064514160156,"position_y":-689.342468261719,"rotation":0,"time":4733,"visible":true},{"position_x":-841.731201171875,"position_y":-675.275817871094,"rotation":0,"time":4750,"visible":true},{"position_x":-837.997863769531,"position_y":-659.575805664062,"rotation":0,"time":4767,"visible":true},{"position_x":-832.864501953125,"position_y":-642.242492675781,"rotation":0,"time":4783,"visible":true},{"position_x":-827.731140136719,"position_y":-623.275817871094,"rotation":0,"time":4800,"visible":true},{"position_x":-822.597778320312,"position_y":-602.675842285156,"rotation":0,"time":4817,"visible":true},{"position_x":-817.464416503906,"position_y":-580.442504882812,"rotation":0,"time":4834,"visible":true},{"position_x":-812.3310546875,"position_y":-556.575805664062,"rotation":0,"time":4850,"visible":true},{"position_x":-807.197692871094,"position_y":-531.075805664062,"rotation":0,"time":4866,"visible":true},{"position_x":-802.064331054688,"position_y":-503.942474365234,"rotation":0,"time":4884,"visible":true},{"position_x":-796.930969238281,"position_y":-475.175811767578,"rotation":0,"time":4900,"visible":true},{"position_x":-791.797607421875,"position_y":-444.775817871094,"rotation":0,"time":4916,"visible":true},{"position_x":-785.264282226562,"position_y":-412.742492675781,"rotation":0,"time":4933,"visible":true},{"position_x":-777.330932617188,"position_y":-379.075836181641,"rotation":0,"time":4950,"visible":true},{"position_x":-767.997619628906,"position_y":-343.775817871094,"rotation":0,"time":4966,"visible":true},{"position_x":-757.264282226562,"position_y":-306.842468261719,"rotation":0,"time":4983,"visible":true},{"position_x":-746.530944824219,"position_y":-268.275787353516,"rotation":0,"time":5000,"visible":true},{"position_x":-735.797607421875,"position_y":-228.075790405273,"rotation":0,"time":5017,"visible":true},{"position_x":-725.064270019531,"position_y":-186.242446899414,"rotation":0,"time":5033,"visible":true},{"position_x":-714.330932617188,"position_y":-180.074951171875,"rotation":0,"time":5050,"visible":true},{"position_x":-707.890930175781,"position_y":-180.074951171875,"rotation":0,"time":5066,"visible":true}]