[{"position_x":-300,"position_y":60,"rotation":0,"time":0,"visible":true},{"position_x":-300,"position_y":60,"rotation":0,"time":0,"visible":true},{"position_x":-300,"position_y":60,"rotation":0,"time":0,"visible":true},{"position_x":-300,"position_y":60,"rotation":0,"time":0,"visible":true},{"position_x":-300,"position_y":60,"rotation":0,"time":0,"visible":true},{"position_x":-300,"position_y":60,"rotation":0,"time":0,"visible":true},{"position_x":-300,"position_y":60,"rotation":0,"time":0,"visible":true},{"position_x":-298.600006103516,"position_y":60,"rotation":0,"time":0,"visible":true},{"position_x":-295.800018310547,"position_y":60,"rotation":0,"time":17,"visible":true},{"position_x":-291.600006103516,"position_y":60,"rotation":0,"time":33,"visible":true},{"position_x":-286,"position_y":60,"rotation":0,"time":50,"visible":true},{"position_x":-279,"position_y":60,"rotation":0,"time":66,"visible":true},{"position_x":-270.600006103516,"position_y":60,"rotation":0,"time":83,"visible":true},{"position_x":-260.800018310547,"position_y":60,"rotation":0,"time":100,"visible":true},{"position_x":-249.600021362305,"position_y":60,"rotation":0,"time":117,"visible":true},{"position_x":-237.933349609375,"position_y":60,"rotation":0,"time":133,"visible":true},{"position_x":-226.266677856445,"position_y":60,"rotation":0,"time":150,"visible":true},{"position_x":-214.600006103516,"position_y":60,"rotation":0,"time":167,"visible":true},{"position_x":-202.933334350586,"position_y":57.075984954834,"rotation":0,"time":183,"visible":true},{"position_x":-189.866668701172,"position_y":58.7093200683594,"rotation":0,"time":200,"visible":true},{"position_x":-175.399993896484,"position_y":59.9240226745605,"rotation":0,"time":217,"visible":true},{"position_x":-163.733322143555,"position_y":57.075984954834,"rotation":0,"time":233,"visible":true},{"position_x":-150.666656494141,"position_y":58.7093200683594,"rotation":0,"time":250,"visible":true},{"position_x":-136.199981689453,"position_y":59.9240226745605,"rotation":0,"time":267,"visible":true},{"position_x":-124.533317565918,"position_y":57.075984954834,"rotation":0,"time":283,"visible":true},{"position_x":-111.466651916504,"position_y":58.7093200683594,"rotation":0,"time":300,"visible":true},{"position_x":-96.9999847412109,"position_y":59.9240226745605,"rotation":0,"time":317,"visible":true},{"position_x":-85.3333206176758,"position_y":57.075984954834,"rotation":0,"time":333,"visible":true},{"position_x":-72.2666549682617,"position_y":58.7093200683594,"rotation":0,"time":350,"visible":true},{"position_x":-57.799991607666,"position_y":59.9240226745605,"rotation":0,"time":366,"visible":true},{"position_x":-46.1333236694336,"position_y":57.0750122070312,"rotation":0,"time":383,"visible":true},{"position_x":-33.066535949707,"position_y":58.7083587646484,"rotation":0,"time":400,"visible":true},{"position_x":-18.5998687744141,"position_y":59.925220489502,"rotation":0,"time":417,"visible":true},{"position_x":-6.93320274353027,"position_y":57.0750122070312,"rotation":0,"time":433,"visible":true},{"position_x":6.13358306884766,"position_y":58.7083587646484,"rotation":0,"time":450,"visible":true},{"position_x":20.6002502441406,"position_y":59.925220489502,"rotation":0,"time":466,"visible":true},{"position_x":32.2669143676758,"position_y":57.0750122070312,"rotation":0,"time":483,"visible":true},{"position_x":45.3337020874023,"position_y":58.7083587646484,"rotation":0,"time":500,"visible":true},{"position_x":59.800365447998,"position_y":59.925220489502,"rotation":0,"time":517,"visible":true},{"position_x":68.4803695678711,"position_y":28.2585487365723,"rotation":0,"time":533,"visible":true},{"position_x":72.9603729248047,"position_y":-1.7747859954834,"rotation":0,"time":550,"visible":true},{"position_x":73.2403717041016,"position_y":-30.1747856140137,"rotation":0,"time":567,"visible":true},{"position_x":72.1203689575195,"position_y":-56.9414520263672,"rotation":0,"time":583,"visible":true},{"position_x":69.6003723144531,"position_y":-82.0747833251953,"rotation":0,"time":600,"visible":true},{"position_x":65.6803741455078,"position_y":-105.574783325195,"rotation":0,"time":616,"visible":true},{"position_x":60.3603744506836,"position_y":-127.441452026367,"rotation":0,"time":633,"visible":true},{"position_x":59.0753059387207,"position_y":-147.674789428711,"rotation":0,"time":650,"visible":true},{"position_x":59.0747261047363,"position_y":-164.972778320312,"rotation":0,"time":667,"visible":true},{"position_x":59.0747146606445,"position_y":-179.540924072266,"rotation":0,"time":683,"visible":true},{"position_x":57.6747169494629,"position_y":-182.924011230469,"rotation":0,"time":700,"visible":true},{"position_x":54.8747100830078,"position_y":-181.290679931641,"rotation":0,"time":717,"visible":true},{"position_x":50.6747093200684,"position_y":-180.074783325195,"rotation":0,"time":733,"visible":true},{"position_x":45.07470703125,"position_y":-182.924011230469,"rotation":0,"time":750,"visible":true},{"position_x":38.0747032165527,"position_y":-181.290679931641,"rotation":0,"time":767,"visible":true},{"position_x":29.6747016906738,"position_y":-180.074783325195,"rotation":0,"time":783,"visible":true},{"position_x":19.8747005462646,"position_y":-182.924011230469,"rotation":0,"time":800,"visible":true},{"position_x":8.67469882965088,"position_y":-181.290679931641,"rotation":0,"time":817,"visible":true},{"position_x":-3.92530155181885,"position_y":-180.074783325195,"rotation":0,"time":833,"visible":true},{"position_x":-15.591968536377,"position_y":-182.924011230469,"rotation":0,"time":850,"visible":true},{"position_x":-28.6586360931396,"position_y":-181.290679931641,"rotation":0,"time":866,"visible":true},{"position_x":-43.125301361084,"position_y":-180.074783325195,"rotation":0,"time":883,"visible":true},{"position_x":-54.7919692993164,"position_y":-182.924011230469,"rotation":0,"time":900,"visible":true},{"position_x":-67.8586349487305,"position_y":-181.290679931641,"rotation":0,"time":917,"visible":true},{"position_x":-82.3253021240234,"position_y":-180.075988769531,"rotation":0,"time":933,"visible":true},{"position_x":-93.9919662475586,"position_y":-182.924011230469,"rotation":0,"time":950,"visible":true},{"position_x":-107.058631896973,"position_y":-181.290679931641,"rotation":0,"time":967,"visible":true},{"position_x":-121.525299072266,"position_y":-180.075988769531,"rotation":0,"time":983,"visible":true},{"position_x":-133.191970825195,"position_y":-180.075988769531,"rotation":0,"time":1000,"visible":true},{"position_x":-144.858642578125,"position_y":-180.075988769531,"rotation":0,"time":1017,"visible":true},{"position_x":-156.525314331055,"position_y":-180.075988769531,"rotation":0,"time":1033,"visible":true},{"position_x":-168.191986083984,"position_y":-180.075988769531,"rotation":0,"time":1050,"visible":true},{"position_x":-179.858657836914,"position_y":-180.075988769531,"rotation":0,"time":1066,"visible":true},{"position_x":-191.525329589844,"position_y":-180.075988769531,"rotation":0,"time":1083,"visible":true},{"position_x":-203.192001342773,"position_y":-180.075988769531,"rotation":0,"time":1100,"visible":true},{"position_x":-214.858673095703,"position_y":-180.075988769531,"rotation":0,"time":1117,"visible":true},{"position_x":-226.525344848633,"position_y":-180.075988769531,"rotation":0,"time":1133,"visible":true},{"position_x":-238.192016601562,"position_y":-180.075988769531,"rotation":0,"time":1150,"visible":true},{"position_x":-249.858688354492,"position_y":-180.075988769531,"rotation":0,"time":1167,"visible":true},{"position_x":-261.525360107422,"position_y":-180.075988769531,"rotation":0,"time":1183,"visible":true},{"position_x":-273.192016601562,"position_y":-180.075988769531,"rotation":0,"time":1200,"visible":true},{"position_x":-284.858673095703,"position_y":-180.075988769531,"rotation":0,"time":1217,"visible":true},{"position_x":-296.525329589844,"position_y":-180.075988769531,"rotation":0,"time":1233,"visible":true},{"position_x":-308.191986083984,"position_y":-180.075988769531,"rotation":0,"time":1250,"visible":true},{"position_x":-319.858642578125,"position_y":-180.075988769531,"rotation":0,"time":1266,"visible":true},{"position_x":-331.525299072266,"position_y":-180.075988769531,"rotation":0,"time":1283,"visible":true},{"position_x":-343.191955566406,"position_y":-180.075988769531,"rotation":0,"time":1300,"visible":true},{"position_x":-354.858612060547,"position_y":-180.075988769531,"rotation":0,"time":1317,"visible":true},{"position_x":-366.525268554688,"position_y":-180.075988769531,"rotation":0,"time":1333,"visible":true},{"position_x":-378.191925048828,"position_y":-180.075988769531,"rotation":0,"time":1350,"visible":true},{"position_x":-389.858581542969,"position_y":-180.075988769531,"rotation":0,"time":1367,"visible":true},{"position_x":-401.525238037109,"position_y":-180.075988769531,"rotation":0,"time":1383,"visible":true},{"position_x":-413.19189453125,"position_y":-180.075988769531,"rotation":0,"time":1400,"visible":true},{"position_x":-424.858551025391,"position_y":-180.075988769531,"rotation":0,"time":1417,"visible":true},{"position_x":-436.525207519531,"position_y":-180.075988769531,"rotation":0,"time":1433,"visible":true}]