[{"position_x":-300,"position_y":60,"rotation":0,"time":0,"visible":true},{"position_x":-300,"position_y":60,"rotation":0,"time":0,"visible":true},{"position_x":-300,"position_y":60,"rotation":0,"time":0,"visible":true},{"position_x":-300,"position_y":60,"rotation":0,"time":0,"visible":true},{"position_x":-300,"position_y":60,"rotation":0,"time":0,"visible":true},{"position_x":-300,"position_y":60,"rotation":0,"time":0,"visible":true},{"position_x":-300,"position_y":60,"rotation":0,"time":0,"visible":true},{"position_x":-300,"position_y":60,"rotation":0,"time":0,"visible":true},{"position_x":-300,"position_y":60,"rotation":0,"time":0,"visible":true},{"position_x":-300,"position_y":60,"rotation":0,"time":0,"visible":true},{"position_x":-300,"position_y":60,"rotation":0,"time":0,"visible":true},{"position_x":-300,"position_y":60,"rotation":0,"time":0,"visible":true},{"position_x":-300,"position_y":60,"rotation":0,"time":0,"visible":true},{"position_x":-300,"position_y":60,"rotation":0,"time":0,"visible":true},{"position_x":-300,"position_y":60,"rotation":0,"time":0,"visible":true},{"position_x":-300,"position_y":60,"rotation":0,"time":0,"visible":true},{"position_x":-300,"position_y":60,"rotation":0,"time":0,"visible":true},{"position_x":-300,"position_y":60,"rotation":0,"time":0,"visible":true},{"position_x":-300,"position_y":60,"rotation":0,"time":0,"visible":true},{"position_x":-300,"position_y":60,"rotation":0,"time":0,"visible":true},{"position_x":-300,"position_y":60,"rotation":0,"time":0,"visible":true},{"position_x":-300,"position_y":60,"rotation":0,"time":0,"visible":true},{"position_x":-300,"position_y":60,"rotation":0,"time":0,"visible":true},{"position_x":-300,"position_y":60,"rotation":0,"time":0,"visible":true},{"position_x":-300,"position_y":60,"rotation":0,"time":0,"visible":true},{"position_x":-300,"position_y":60,"rotation":0,"time":0,"visible":true},{"position_x":-300,"position_y":60,"rotation":0,"time":0,"visible":true},{"position_x":-300,"position_y":60,"rotation":0,"time":0,"visible":true},{"position_x":-300,"position_y":60,"rotation":0,"time":0,"visible":true},{"position_x":-300,"position_y":60,"rotation":0,"time":0,"visible":true},{"position_x":-298.600006103516,"position_y":60,"rotation":0,"time":0,"visible":true},{"position_x":-295.800018310547,"position_y":60,"rotation":0,"time":16,"visible":true},{"position_x":-291.600006103516,"position_y":60,"rotation":0,"time":33,"visible":true},{"position_x":-285.986968994141,"position_y":28.2596530914307,"rotation":0,"time":50,"visible":true},{"position_x":-278.986968994141,"position_y":-1.77367973327637,"rotation":0,"time":67,"visible":true},{"position_x":-270.586975097656,"position_y":-30.1736812591553,"rotation":0,"time":83,"visible":true},{"position_x":-260.786987304688,"position_y":-56.9403495788574,"rotation":0,"time":100,"visible":true},{"position_x":-249.586990356445,"position_y":-82.0736846923828,"rotation":0,"time":117,"visible":true},{"position_x":-236.98698425293,"position_y":-105.573684692383,"rotation":0,"time":133,"visible":true},{"position_x":-222.98698425293,"position_y":-127.440353393555,"rotation":0,"time":150,"visible":true},{"position_x":-207.586975097656,"position_y":-147.673690795898,"rotation":0,"time":167,"visible":true},{"position_x":-192.186981201172,"position_y":-166.273696899414,"rotation":0,"time":183,"visible":true},{"position_x":-176.786987304688,"position_y":-183.240356445312,"rotation":0,"time":200,"visible":true},{"position_x":-161.386993408203,"position_y":-198.573684692383,"rotation":0,"time":216,"visible":true},{"position_x":-145.98698425293,"position_y":-212.273681640625,"rotation":0,"time":233,"visible":true},{"position_x":-130.586990356445,"position_y":-224.340347290039,"rotation":0,"time":250,"visible":true},{"position_x":-115.186988830566,"position_y":-234.773681640625,"rotation":0,"time":266,"visible":true},{"position_x":-99.7869873046875,"position_y":-243.573684692383,"rotation":0,"time":283,"visible":true},{"position_x":-84.3869857788086,"position_y":-250.740356445312,"rotation":0,"time":300,"visible":true},{"position_x":-68.9869842529297,"position_y":-256.273681640625,"rotation":0,"time":316,"visible":true},{"position_x":-53.5869827270508,"position_y":-260.173675537109,"rotation":0,"time":333,"visible":true},{"position_x":-38.1869812011719,"position_y":-262.440338134766,"rotation":0,"time":350,"visible":true},{"position_x":-22.7869815826416,"position_y":-263.073669433594,"rotation":0,"time":366,"visible":true},{"position_x":-7.38698196411133,"position_y":-262.073669433594,"rotation":0,"time":383,"visible":true},{"position_x":8.01301860809326,"position_y":-259.440338134766,"rotation":0,"time":400,"visible":true},{"position_x":23.4130191802979,"position_y":-255.173675537109,"rotation":0,"time":416,"visible":true},{"position_x":38.8130187988281,"position_y":-249.273681640625,"rotation":0,"time":433,"visible":true},{"position_x":50.0130195617676,"position_y":-241.740341186523,"rotation":0,"time":450,"visible":true},{"position_x":57.0130195617676,"position_y":-232.573669433594,"rotation":0,"time":466,"visible":true},{"position_x":59.8130187988281,"position_y":-221.773666381836,"rotation":0,"time":483,"visible":true},{"position_x":58.4130172729492,"position_y":-209.34033203125,"rotation":0,"time":500,"visible":true},{"position_x":55.6130180358887,"position_y":-195.273666381836,"rotation":0,"time":517,"visible":true},{"position_x":51.4130210876465,"position_y":-180.074722290039,"rotation":0,"time":533,"visible":true},{"position_x":45.8128051757812,"position_y":-211.742614746094,"rotation":0,"time":550,"visible":true},{"position_x":38.8128051757812,"position_y":-241.775939941406,"rotation":0,"time":567,"visible":true},{"position_x":30.4128036499023,"position_y":-270.175933837891,"rotation":0,"time":583,"visible":true},{"position_x":20.6128044128418,"position_y":-296.942596435547,"rotation":0,"time":600,"visible":true},{"position_x":9.41280364990234,"position_y":-322.075927734375,"rotation":0,"time":617,"visible":true},{"position_x":-3.18719673156738,"position_y":-345.575927734375,"rotation":0,"time":633,"visible":true},{"position_x":-17.187198638916,"position_y":-367.442596435547,"rotation":0,"time":650,"visible":true},{"position_x":-32.5872001647949,"position_y":-387.675933837891,"rotation":0,"time":667,"visible":true},{"position_x":-47.9872016906738,"position_y":-406.275939941406,"rotation":0,"time":683,"visible":true},{"position_x":-63.3871994018555,"position_y":-423.242614746094,"rotation":0,"time":700,"visible":true},{"position_x":-78.7872009277344,"position_y":-438.575958251953,"rotation":0,"time":717,"visible":true},{"position_x":-94.1872024536133,"position_y":-452.275970458984,"rotation":0,"time":733,"visible":true},{"position_x":-109.587203979492,"position_y":-464.342651367188,"rotation":0,"time":750,"visible":true},{"position_x":-124.987205505371,"position_y":-474.775970458984,"rotation":0,"time":766,"visible":true},{"position_x":-140.38720703125,"position_y":-483.575958251953,"rotation":0,"time":783,"visible":true},{"position_x":-155.787216186523,"position_y":-490.742614746094,"rotation":0,"time":800,"visible":true},{"position_x":-171.187210083008,"position_y":-496.275939941406,"rotation":0,"time":816,"visible":true},{"position_x":-186.587203979492,"position_y":-500.175933837891,"rotation":0,"time":833,"visible":true},{"position_x":-201.987197875977,"position_y":-502.442596435547,"rotation":0,"time":850,"visible":true},{"position_x":-217.387191772461,"position_y":-503.075927734375,"rotation":0,"time":867,"visible":true},{"position_x":-232.787185668945,"position_y":-502.075927734375,"rotation":0,"time":883,"visible":true},{"position_x":-248.18717956543,"position_y":-499.442596435547,"rotation":0,"time":900,"visible":true},{"position_x":-263.587188720703,"position_y":-495.175933837891,"rotation":0,"time":916,"visible":true},{"position_x":-278.987182617188,"position_y":-489.275939941406,"rotation":0,"time":933,"visible":true},{"position_x":-294.387176513672,"position_y":-481.742614746094,"rotation":0,"time":950,"visible":true},{"position_x":-309.787170410156,"position_y":-472.575958251953,"rotation":0,"time":967,"visible":true},{"position_x":-325.187164306641,"position_y":-461.775970458984,"rotation":0,"time":983,"visible":true},{"position_x":-340.587158203125,"position_y":-449.342620849609,"rotation":0,"time":1000,"visible":true},{"position_x":-355.987152099609,"position_y":-435.275939941406,"rotation":0,"time":1016,"visible":true},{"position_x":-371.387176513672,"position_y":-420.075958251953,"rotation":0,"time":1033,"visible":true},{"position_x":-380.627166748047,"position_y":-420.075958251953,"rotation":0,"time":1050,"visible":true}]