[{"position_x":-300,"position_y":60,"rotation":0,"time":0,"visible":true},{"position_x":-300,"position_y":60,"rotation":0,"time":0,"visible":true},{"position_x":-300,"position_y":60,"rotation":0,"time":0,"visible":true},{"position_x":-300,"position_y":60,"rotation":0,"time":0,"visible":true},{"position_x":-300,"position_y":60,"rotation":0,"time":0,"visible":true},{"position_x":-300,"position_y":60,"rotation":0,"time":0,"visible":true},{"position_x":-300,"position_y":60,"rotation":0,"time":0,"visible":true},{"position_x":-300,"position_y":60,"rotation":0,"time":0,"visible":true},{"position_x":-300,"position_y":60,"rotation":0,"time":0,"visible":true},{"position_x":-300,"position_y":60,"rotation":0,"time":0,"visible":true},{"position_x":-300,"position_y":60,"rotation":0,"time":0,"visible":true},{"position_x":-300,"position_y":60,"rotation":0,"time":0,"visible":true},{"position_x":-300,"position_y":60,"rotation":0,"time":0,"visible":true},{"position_x":-300,"position_y":60,"rotation":0,"time":0,"visible":true},{"position_x":-300,"position_y":60,"rotation":0,"time":0,"visible":true},{"position_x":-300,"position_y":60,"rotation":0,"time":0,"visible":true},{"position_x":-300,"position_y":60,"rotation":0,"time":0,"visible":true},{"position_x":-300,"position_y":60,"rotation":0,"time":0,"visible":true},{"position_x":-300,"position_y":60,"rotation":0,"time":0,"visible":true},{"position_x":-300,"position_y":60,"rotation":0,"time":0,"visible":true},{"position_x":-300,"position_y":60,"rotation":0,"time":0,"visible":true},{"position_x":-300,"position_y":60,"rotation":0,"time":0,"visible":true},{"position_x":-300,"position_y":60,"rotation":0,"time":0,"visible":true},{"position_x":-300,"position_y":60,"rotation":0,"time":0,"visible":true},{"position_x":-300,"position_y":60,"rotation":0,"time":0,"visible":true},{"position_x":-300,"position_y":60,"rotation":0,"time":0,"visible":true},{"position_x":-300,"position_y":60,"rotation":0,"time":0,"visible":true},{"position_x":-300,"position_y":60,"rotation":0,"time":0,"visible":true},{"position_x":-300,"position_y":60,"rotation":0,"time":0,"visible":true},{"position_x":-300,"position_y":60,"rotation":0,"time":0,"visible":true},{"position_x":-300,"position_y":60,"rotation":0,"time":0,"visible":true},{"position_x":-300,"position_y":60,"rotation":0,"time":0,"visible":true},{"position_x":-300,"position_y":60,"rotation":0,"time":0,"visible":true},{"position_x":-300,"position_y":60,"rotation":0,"time":0,"visible":true},{"position_x":-300,"position_y":60,"rotation":0,"time":0,"visible":true},{"position_x":-300,"position_y":60,"rotation":0,"time":0,"visible":true},{"position_x":-300,"position_y":60,"rotation":0,"time":0,"visible":true},{"position_x":-300,"position_y":60,"rotation":0,"time":0,"visible":true},{"position_x":-300,"position_y":60,"rotation":0,"time":0,"visible":true},{"position_x":-300,"position_y":60,"rotation":0,"time":0,"visible":true},{"position_x":-300,"position_y":60,"rotation":0,"time":0,"visible":true},{"position_x":-300,"position_y":60,"rotation":0,"time":0,"visible":true},{"position_x":-300,"position_y":60,"rotation":0,"time":0,"visible":true},{"position_x":-300,"position_y":60,"rotation":0,"time":0,"visible":true},{"position_x":-300,"position_y":60,"rotation":0,"time":0,"visible":true},{"position_x":-300,"position_y":60,"rotation":0,"time":0,"visible":true},{"position_x":-300,"position_y":60,"rotation":0,"time":0,"visible":true},{"position_x":-300,"position_y":60,"rotation":0,"time":0,"visible":true},{"position_x":-300,"position_y":60,"rotation":0,"time":0,"visible":true},{"position_x":-300,"position_y":28.2586059570312,"rotation":0,"time":0,"visible":true},{"position_x":-300,"position_y":-1.77472877502441,"rotation":0,"time":16,"visible":true},{"position_x":-298.600006103516,"position_y":-30.1747283935547,"rotation":0,"time":33,"visible":true},{"position_x":-295.800018310547,"position_y":-56.9413909912109,"rotation":0,"time":49,"visible":true},{"position_x":-291.600006103516,"position_y":-82.0747222900391,"rotation":0,"time":66,"visible":true},{"position_x":-286,"position_y":-105.574729919434,"rotation":0,"time":83,"visible":true},{"position_x":-279,"position_y":-127.441398620605,"rotation":0,"time":99,"visible":true},{"position_x":-270.600006103516,"position_y":-147.674728393555,"rotation":0,"time":116,"visible":true},{"position_x":-260.800018310547,"position_y":-166.27473449707,"rotation":0,"time":133,"visible":true},{"position_x":-249.600021362305,"position_y":-183.241394042969,"rotation":0,"time":149,"visible":true},{"position_x":-238.400024414062,"position_y":-198.574737548828,"rotation":0,"time":166,"visible":true},{"position_x":-227.20002746582,"position_y":-212.27473449707,"rotation":0,"time":183,"visible":true},{"position_x":-216.000030517578,"position_y":-224.341400146484,"rotation":0,"time":199,"visible":true},{"position_x":-204.800033569336,"position_y":-234.77473449707,"rotation":0,"time":216,"visible":true},{"position_x":-193.600036621094,"position_y":-243.574737548828,"rotation":0,"time":233,"visible":true},{"position_x":-182.400039672852,"position_y":-250.741409301758,"rotation":0,"time":249,"visible":true},{"position_x":-171.200042724609,"position_y":-256.274749755859,"rotation":0,"time":266,"visible":true},{"position_x":-160.000045776367,"position_y":-260.174743652344,"rotation":0,"time":283,"visible":true},{"position_x":-148.800048828125,"position_y":-262.44140625,"rotation":0,"time":299,"visible":true},{"position_x":-137.600051879883,"position_y":-263.074737548828,"rotation":0,"time":316,"visible":true},{"position_x":-126.400054931641,"position_y":-262.074737548828,"rotation":0,"time":333,"visible":true},{"position_x":-115.200057983398,"position_y":-259.44140625,"rotation":0,"time":349,"visible":true},{"position_x":-104.000061035156,"position_y":-255.174743652344,"rotation":0,"time":366,"visible":true},{"position_x":-92.8000640869141,"position_y":-249.274749755859,"rotation":0,"time":383,"visible":true},{"position_x":-81.6000671386719,"position_y":-241.741409301758,"rotation":0,"time":400,"visible":true},{"position_x":-70.4000625610352,"position_y":-232.574737548828,"rotation":0,"time":416,"visible":true},{"position_x":-59.2000617980957,"position_y":-221.77473449707,"rotation":0,"time":433,"visible":true},{"position_x":-48.0000610351562,"position_y":-209.341400146484,"rotation":0,"time":449,"visible":true},{"position_x":-36.8000602722168,"position_y":-195.27473449707,"rotation":0,"time":466,"visible":true},{"position_x":-25.6000595092773,"position_y":-179.574737548828,"rotation":0,"time":483,"visible":true},{"position_x":-14.4000577926636,"position_y":-162.241409301758,"rotation":0,"time":499,"visible":true},{"position_x":-3.2000560760498,"position_y":-143.27473449707,"rotation":0,"time":516,"visible":true},{"position_x":7.99994468688965,"position_y":-122.674736022949,"rotation":0,"time":533,"visible":true},{"position_x":19.1999454498291,"position_y":-100.44140625,"rotation":0,"time":549,"visible":true},{"position_x":30.3999462127686,"position_y":-76.5747375488281,"rotation":0,"time":566,"visible":true},{"position_x":41.5999450683594,"position_y":-51.0747375488281,"rotation":0,"time":583,"visible":true},{"position_x":52.7999458312988,"position_y":-23.9414024353027,"rotation":0,"time":600,"visible":true},{"position_x":63.9999465942383,"position_y":4.82526779174805,"rotation":0,"time":616,"visible":true},{"position_x":75.199951171875,"position_y":35.225269317627,"rotation":0,"time":633,"visible":true},{"position_x":86.3999481201172,"position_y":67.2586059570312,"rotation":0,"time":649,"visible":true},{"position_x":97.5999450683594,"position_y":100.925270080566,"rotation":0,"time":666,"visible":true},{"position_x":108.799942016602,"position_y":136.225280761719,"rotation":0,"time":683,"visible":true},{"position_x":119.999946594238,"position_y":173.158615112305,"rotation":0,"time":700,"visible":true},{"position_x":131.199951171875,"position_y":211.725280761719,"rotation":0,"time":716,"visible":true},{"position_x":142.399948120117,"position_y":251.925277709961,"rotation":0,"time":733,"visible":true},{"position_x":153.599945068359,"position_y":293.758605957031,"rotation":0,"time":750,"visible":true},{"position_x":164.799957275391,"position_y":299.925079345703,"rotation":0,"time":766,"visible":true},{"position_x":171.519958496094,"position_y":299.925079345703,"rotation":0,"time":783,"visible":true},{"position_x":175.551956176758,"position_y":299.925079345703,"rotation":0,"time":799,"visible":true},{"position_x":177.971160888672,"position_y":299.925079345703,"rotation":0,"time":816,"visible":true},{"position_x":179.42268371582,"position_y":299.925079345703,"rotation":0,"time":833,"visible":true},{"position_x":180.874206542969,"position_y":301.558410644531,"rotation":0,"time":849,"visible":true},{"position_x":180.925262451172,"position_y":304.825073242188,"rotation":0,"time":866,"visible":true},{"position_x":180.925262451172,"position_y":309.725067138672,"rotation":0,"time":883,"visible":true},{"position_x":180.925262451172,"position_y":316.258392333984,"rotation":0,"time":899,"visible":true},{"position_x":180.925262451172,"position_y":324.425048828125,"rotation":0,"time":916,"visible":true},{"position_x":180.925262451172,"position_y":334.225036621094,"rotation":0,"time":933,"visible":true},{"position_x":180.925262451172,"position_y":345.658386230469,"rotation":0,"time":949,"visible":true},{"position_x":180.925262451172,"position_y":358.725067138672,"rotation":0,"time":966,"visible":true},{"position_x":180.925262451172,"position_y":373.425079345703,"rotation":0,"time":983,"visible":true},{"position_x":180.925262451172,"position_y":389.758422851562,"rotation":0,"time":999,"visible":true},{"position_x":180.925262451172,"position_y":407.72509765625,"rotation":0,"time":1016,"visible":true},{"position_x":180.925262451172,"position_y":427.325103759766,"rotation":0,"time":1033,"visible":true},{"position_x":180.925262451172,"position_y":448.558441162109,"rotation":0,"time":1049,"visible":true},{"position_x":180.925262451172,"position_y":471.425109863281,"rotation":0,"time":1066,"visible":true},{"position_x":180.925262451172,"position_y":495.925109863281,"rotation":0,"time":1083,"visible":true},{"position_x":180.925262451172,"position_y":522.058471679688,"rotation":0,"time":1099,"visible":true},{"position_x":180.925262451172,"position_y":549.825134277344,"rotation":0,"time":1116,"visible":true},{"position_x":180.925262451172,"position_y":579.225158691406,"rotation":0,"time":1133,"visible":true},{"position_x":180.925262451172,"position_y":610.258483886719,"rotation":0,"time":1149,"visible":true},{"position_x":180.925262451172,"position_y":642.925170898438,"rotation":0,"time":1166,"visible":true},{"position_x":180.925262451172,"position_y":677.225158691406,"rotation":0,"time":1183,"visible":true},{"position_x":180.925262451172,"position_y":713.158508300781,"rotation":0,"time":1199,"visible":true},{"position_x":180.925262451172,"position_y":750.725158691406,"rotation":0,"time":1216,"visible":true},{"position_x":180.925262451172,"position_y":779.972045898438,"rotation":0,"time":1233,"visible":true},{"position_x":180.925262451172,"position_y":779.972045898438,"rotation":0,"time":1249,"visible":true},{"position_x":180.924026489258,"position_y":689.971984863281,"rotation":0,"time":1267,"visible":true},{"position_x":180.924026489258,"position_y":607.791015625,"rotation":0,"time":1283,"visible":true},{"position_x":180.924026489258,"position_y":532.881713867188,"rotation":0,"time":1299,"visible":true},{"position_x":180.924026489258,"position_y":464.735046386719,"rotation":0,"time":1316,"visible":true},{"position_x":180.924026489258,"position_y":402.877624511719,"rotation":0,"time":1333,"visible":true},{"position_x":180.925262451172,"position_y":346.869232177734,"rotation":0,"time":1349,"visible":true},{"position_x":180.92529296875,"position_y":296.300415039062,"rotation":0,"time":1366,"visible":true},{"position_x":182.325286865234,"position_y":250.790420532227,"rotation":0,"time":1383,"visible":true},{"position_x":185.125289916992,"position_y":206.913757324219,"rotation":0,"time":1399,"visible":true},{"position_x":189.325286865234,"position_y":164.670440673828,"rotation":0,"time":1416,"visible":true},{"position_x":194.92529296875,"position_y":124.060455322266,"rotation":0,"time":1433,"visible":true},{"position_x":201.92529296875,"position_y":85.0838012695312,"rotation":0,"time":1449,"visible":true},{"position_x":210.325286865234,"position_y":47.7404861450195,"rotation":0,"time":1466,"visible":true},{"position_x":220.125289916992,"position_y":12.0305061340332,"rotation":0,"time":1483,"visible":true},{"position_x":231.325286865234,"position_y":-22.0461349487305,"rotation":0,"time":1499,"visible":true},{"position_x":243.92529296875,"position_y":-54.4894523620605,"rotation":0,"time":1516,"visible":true},{"position_x":257.92529296875,"position_y":-85.2994384765625,"rotation":0,"time":1533,"visible":true},{"position_x":273.325286865234,"position_y":-114.476089477539,"rotation":0,"time":1549,"visible":true},{"position_x":288.725280761719,"position_y":-142.019409179688,"rotation":0,"time":1566,"visible":true},{"position_x":304.125274658203,"position_y":-167.929382324219,"rotation":0,"time":1583,"visible":true},{"position_x":319.525268554688,"position_y":-192.206024169922,"rotation":0,"time":1599,"visible":true},{"position_x":334.925262451172,"position_y":-214.849334716797,"rotation":0,"time":1616,"visible":true},{"position_x":350.325256347656,"position_y":-235.859313964844,"rotation":0,"time":1633,"visible":true},{"position_x":365.725250244141,"position_y":-255.235961914062,"rotation":0,"time":1649,"visible":true},{"position_x":381.125244140625,"position_y":-272.979278564453,"rotation":0,"time":1666,"visible":true},{"position_x":396.525238037109,"position_y":-289.089263916016,"rotation":0,"time":1683,"visible":true},{"position_x":411.925231933594,"position_y":-303.56591796875,"rotation":0,"time":1699,"visible":true},{"position_x":427.325225830078,"position_y":-316.409240722656,"rotation":0,"time":1716,"visible":true},{"position_x":442.725219726562,"position_y":-327.619232177734,"rotation":0,"time":1733,"visible":true},{"position_x":458.125213623047,"position_y":-337.195892333984,"rotation":0,"time":1749,"visible":true},{"position_x":473.525207519531,"position_y":-345.139221191406,"rotation":0,"time":1766,"visible":true},{"position_x":488.925201416016,"position_y":-351.449188232422,"rotation":0,"time":1783,"visible":true},{"position_x":504.3251953125,"position_y":-356.125823974609,"rotation":0,"time":1799,"visible":true},{"position_x":519.725219726562,"position_y":-359.169128417969,"rotation":0,"time":1816,"visible":true},{"position_x":535.125244140625,"position_y":-360.5791015625,"rotation":0,"time":1833,"visible":true},{"position_x":550.525268554688,"position_y":-360.355743408203,"rotation":0,"time":1849,"visible":true},{"position_x":565.92529296875,"position_y":-358.499053955078,"rotation":0,"time":1866,"visible":true},{"position_x":581.325317382812,"position_y":-355.009033203125,"rotation":0,"time":1883,"visible":true},{"position_x":596.725341796875,"position_y":-349.885681152344,"rotation":0,"time":1900,"visible":true},{"position_x":612.125366210938,"position_y":-343.128997802734,"rotation":0,"time":1916,"visible":true},{"position_x":627.525390625,"position_y":-334.738983154297,"rotation":0,"time":1933,"visible":true},{"position_x":642.925415039062,"position_y":-324.715637207031,"rotation":0,"time":1949,"visible":true},{"position_x":658.325439453125,"position_y":-313.058959960938,"rotation":0,"time":1966,"visible":true},{"position_x":673.725402832031,"position_y":-300.075988769531,"rotation":0,"time":1983,"visible":true},{"position_x":685.39208984375,"position_y":-300.075988769531,"rotation":0,"time":1999,"visible":true},{"position_x":697.058776855469,"position_y":-300.075988769531,"rotation":0,"time":2017,"visible":true},{"position_x":708.725463867188,"position_y":-300.075988769531,"rotation":0,"time":2033,"visible":true},{"position_x":720.392150878906,"position_y":-300.075988769531,"rotation":0,"time":2049,"visible":true},{"position_x":732.058837890625,"position_y":-300.075988769531,"rotation":0,"time":2066,"visible":true},{"position_x":743.725524902344,"position_y":-300.075988769531,"rotation":0,"time":2083,"visible":true},{"position_x":755.392211914062,"position_y":-300.075988769531,"rotation":0,"time":2099,"visible":true},{"position_x":767.058898925781,"position_y":-300.075988769531,"rotation":0,"time":2116,"visible":true},{"position_x":778.7255859375,"position_y":-300.075988769531,"rotation":0,"time":2133,"visible":true},{"position_x":790.392272949219,"position_y":-300.075988769531,"rotation":0,"time":2149,"visible":true},{"position_x":802.058959960938,"position_y":-300.075988769531,"rotation":0,"time":2166,"visible":true},{"position_x":813.725646972656,"position_y":-300.075988769531,"rotation":0,"time":2183,"visible":true},{"position_x":825.392333984375,"position_y":-300.075988769531,"rotation":0,"time":2199,"visible":true},{"position_x":837.059020996094,"position_y":-300.075988769531,"rotation":0,"time":2216,"visible":true},{"position_x":848.725708007812,"position_y":-300.075988769531,"rotation":0,"time":2233,"visible":true},{"position_x":860.392395019531,"position_y":-300.075988769531,"rotation":0,"time":2250,"visible":true},{"position_x":872.05908203125,"position_y":-300.075988769531,"rotation":0,"time":2266,"visible":true},{"position_x":883.725769042969,"position_y":-300.075988769531,"rotation":0,"time":2283,"visible":true},{"position_x":895.392456054688,"position_y":-300.075988769531,"rotation":0,"time":2299,"visible":true},{"position_x":907.059143066406,"position_y":-300.075988769531,"rotation":0,"time":2316,"visible":true},{"position_x":918.725830078125,"position_y":-300.075988769531,"rotation":0,"time":2333,"visible":true},{"position_x":930.392517089844,"position_y":-300.075988769531,"rotation":0,"time":2350,"visible":true},{"position_x":942.059204101562,"position_y":-300.075988769531,"rotation":0,"time":2366,"visible":true},{"position_x":953.725891113281,"position_y":-300.075988769531,"rotation":0,"time":2383,"visible":true},{"position_x":965.392578125,"position_y":-300.075988769531,"rotation":0,"time":2399,"visible":true},{"position_x":977.059265136719,"position_y":-300.075988769531,"rotation":0,"time":2416,"visible":true},{"position_x":988.725952148438,"position_y":-300.075988769531,"rotation":0,"time":2433,"visible":true},{"position_x":1000.39263916016,"position_y":-300.075988769531,"rotation":0,"time":2449,"visible":true},{"position_x":1012.05932617188,"position_y":-300.075988769531,"rotation":0,"time":2466,"visible":true},{"position_x":1023.72601318359,"position_y":-300.075988769531,"rotation":0,"time":2483,"visible":true},{"position_x":1035.39270019531,"position_y":-300.075988769531,"rotation":0,"time":2499,"visible":true},{"position_x":1047.05932617188,"position_y":-300.075988769531,"rotation":0,"time":2516,"visible":true},{"position_x":1058.72595214844,"position_y":-300.075988769531,"rotation":0,"time":2533,"visible":true},{"position_x":1070.392578125,"position_y":-331.742645263672,"rotation":0,"time":2550,"visible":true},{"position_x":1083.45922851562,"position_y":-361.775970458984,"rotation":0,"time":2566,"visible":true},{"position_x":1097.92590332031,"position_y":-390.175964355469,"rotation":0,"time":2583,"visible":true},{"position_x":1113.79260253906,"position_y":-416.942626953125,"rotation":0,"time":2599,"visible":true},{"position_x":1129.65930175781,"position_y":-442.075958251953,"rotation":0,"time":2616,"visible":true},{"position_x":1140.92431640625,"position_y":-465.575958251953,"rotation":0,"time":2633,"visible":true},{"position_x":1140.92529296875,"position_y":-485.911956787109,"rotation":0,"time":2649,"visible":true},{"position_x":1140.92529296875,"position_y":-503.305419921875,"rotation":0,"time":2666,"visible":true},{"position_x":1140.92529296875,"position_y":-517.962341308594,"rotation":0,"time":2683,"visible":true},{"position_x":1140.92529296875,"position_y":-530.074279785156,"rotation":0,"time":2699,"visible":true},{"position_x":1140.92529296875,"position_y":-539.819396972656,"rotation":0,"time":2716,"visible":true},{"position_x":1142.3251953125,"position_y":-547.363159179688,"rotation":0,"time":2733,"visible":true},{"position_x":1145.12524414062,"position_y":-553.273803710938,"rotation":0,"time":2749,"visible":true},{"position_x":1149.3251953125,"position_y":-557.551086425781,"rotation":0,"time":2766,"visible":true},{"position_x":1154.92517089844,"position_y":-560.195068359375,"rotation":0,"time":2783,"visible":true},{"position_x":1161.92517089844,"position_y":-561.205688476562,"rotation":0,"time":2799,"visible":true},{"position_x":1170.3251953125,"position_y":-560.5830078125,"rotation":0,"time":2816,"visible":true},{"position_x":1180.12524414062,"position_y":-558.326965332031,"rotation":0,"time":2833,"visible":true},{"position_x":1191.3251953125,"position_y":-554.437561035156,"rotation":0,"time":2849,"visible":true},{"position_x":1203.92517089844,"position_y":-548.914855957031,"rotation":0,"time":2866,"visible":true},{"position_x":1217.92517089844,"position_y":-541.7587890625,"rotation":0,"time":2883,"visible":true},{"position_x":1233.32507324219,"position_y":-540.074829101562,"rotation":0,"time":2899,"visible":true}]