[{"position_x":-300,"position_y":60,"rotation":0,"time":0,"visible":true},{"position_x":-300,"position_y":60,"rotation":0,"time":0,"visible":true},{"position_x":-300,"position_y":60,"rotation":0,"time":0,"visible":true},{"position_x":-300,"position_y":60,"rotation":0,"time":0,"visible":true},{"position_x":-300,"position_y":60,"rotation":0,"time":0,"visible":true},{"position_x":-300,"position_y":60,"rotation":0,"time":0,"visible":true},{"position_x":-300,"position_y":60,"rotation":0,"time":0,"visible":true},{"position_x":-300,"position_y":60,"rotation":0,"time":0,"visible":true},{"position_x":-300,"position_y":60,"rotation":0,"time":0,"visible":true},{"position_x":-300,"position_y":60,"rotation":0,"time":0,"visible":true},{"position_x":-300,"position_y":60,"rotation":0,"time":0,"visible":true},{"position_x":-300,"position_y":60,"rotation":0,"time":0,"visible":true},{"position_x":-300,"position_y":60,"rotation":0,"time":0,"visible":true},{"position_x":-300,"position_y":60,"rotation":0,"time":0,"visible":true},{"position_x":-300,"position_y":60,"rotation":0,"time":0,"visible":true},{"position_x":-300,"position_y":60,"rotation":0,"time":0,"visible":true},{"position_x":-300,"position_y":60,"rotation":0,"time":0,"visible":true},{"position_x":-300,"position_y":60,"rotation":0,"time":0,"visible":true},{"position_x":-300,"position_y":60,"rotation":0,"time":0,"visible":true},{"position_x":-300,"position_y":60,"rotation":0,"time":0,"visible":true},{"position_x":-300,"position_y":60,"rotation":0,"time":0,"visible":true},{"position_x":-300,"position_y":60,"rotation":0,"time":0,"visible":true},{"position_x":-300,"position_y":60,"rotation":0,"time":0,"visible":true},{"position_x":-300,"position_y":60,"rotation":0,"time":0,"visible":true},{"position_x":-300,"position_y":60,"rotation":0,"time":0,"visible":true},{"position_x":-300,"position_y":60,"rotation":0,"time":0,"visible":true},{"position_x":-300,"position_y":60,"rotation":0,"time":0,"visible":true},{"position_x":-300,"position_y":60,"rotation":0,"time":0,"visible":true},{"position_x":-300,"position_y":60,"rotation":0,"time":0,"visible":true},{"position_x":-300,"position_y":60,"rotation":0,"time":0,"visible":true},{"position_x":-300,"position_y":60,"rotation":0,"time":0,"visible":true},{"position_x":-300,"position_y":60,"rotation":0,"time":0,"visible":true},{"position_x":-300,"position_y":60,"rotation":0,"time":0,"visible":true},{"position_x":-300,"position_y":60,"rotation":0,"time":0,"visible":true},{"position_x":-300,"position_y":60,"rotation":0,"time":0,"visible":true},{"position_x":-300,"position_y":60,"rotation":0,"time":0,"visible":true},{"position_x":-298.600006103516,"position_y":60,"rotation":0,"time":0,"visible":true},{"position_x":-295.800018310547,"position_y":60,"rotation":0,"time":17,"visible":true},{"position_x":-291.600006103516,"position_y":60,"rotation":0,"time":33,"visible":true},{"position_x":-286,"position_y":60,"rotation":0,"time":50,"visible":true},{"position_x":-279,"position_y":60,"rotation":0,"time":67,"visible":true},{"position_x":-270.600006103516,"position_y":60,"rotation":0,"time":83,"visible":true},{"position_x":-260.800018310547,"position_y":60,"rotation":0,"time":100,"visible":true},{"position_x":-249.600021362305,"position_y":60,"rotation":0,"time":117,"visible":true},{"position_x":-237.908706665039,"position_y":28.2664356231689,"rotation":0,"time":133,"visible":true},{"position_x":-224.842041015625,"position_y":-1.76690292358398,"rotation":0,"time":150,"visible":true},{"position_x":-210.375366210938,"position_y":-30.1669082641602,"rotation":0,"time":167,"visible":true},{"position_x":-194.508697509766,"position_y":-56.9335784912109,"rotation":0,"time":184,"visible":true},{"position_x":-178.642028808594,"position_y":-82.0669174194336,"rotation":0,"time":200,"visible":true},{"position_x":-162.775360107422,"position_y":-105.566917419434,"rotation":0,"time":217,"visible":true},{"position_x":-146.90869140625,"position_y":-127.433586120605,"rotation":0,"time":234,"visible":true},{"position_x":-131.042022705078,"position_y":-147.666915893555,"rotation":0,"time":250,"visible":true},{"position_x":-115.175354003906,"position_y":-166.26692199707,"rotation":0,"time":267,"visible":true},{"position_x":-99.3086853027344,"position_y":-183.233581542969,"rotation":0,"time":283,"visible":true},{"position_x":-83.4420166015625,"position_y":-198.566909790039,"rotation":0,"time":300,"visible":true},{"position_x":-67.5753479003906,"position_y":-212.266906738281,"rotation":0,"time":317,"visible":true},{"position_x":-51.7086791992188,"position_y":-224.333572387695,"rotation":0,"time":334,"visible":true},{"position_x":-35.8420104980469,"position_y":-234.766906738281,"rotation":0,"time":350,"visible":true},{"position_x":-19.975341796875,"position_y":-243.566909790039,"rotation":0,"time":367,"visible":true},{"position_x":-4.10867214202881,"position_y":-250.733581542969,"rotation":0,"time":384,"visible":true},{"position_x":11.7579956054688,"position_y":-256.266906738281,"rotation":0,"time":400,"visible":true},{"position_x":27.6246643066406,"position_y":-260.166900634766,"rotation":0,"time":417,"visible":true},{"position_x":43.4913330078125,"position_y":-262.433563232422,"rotation":0,"time":433,"visible":true},{"position_x":59.3580017089844,"position_y":-263.06689453125,"rotation":0,"time":450,"visible":true},{"position_x":75.2246704101562,"position_y":-262.06689453125,"rotation":0,"time":467,"visible":true},{"position_x":91.0913391113281,"position_y":-259.433563232422,"rotation":0,"time":483,"visible":true},{"position_x":106.9580078125,"position_y":-255.166900634766,"rotation":0,"time":500,"visible":true},{"position_x":122.824676513672,"position_y":-249.266906738281,"rotation":0,"time":517,"visible":true},{"position_x":138.691345214844,"position_y":-241.73356628418,"rotation":0,"time":534,"visible":true},{"position_x":154.558013916016,"position_y":-232.56689453125,"rotation":0,"time":550,"visible":true},{"position_x":170.424682617188,"position_y":-221.766891479492,"rotation":0,"time":567,"visible":true},{"position_x":186.291351318359,"position_y":-209.333557128906,"rotation":0,"time":583,"visible":true},{"position_x":202.158020019531,"position_y":-195.266891479492,"rotation":0,"time":600,"visible":true},{"position_x":218.024688720703,"position_y":-179.56689453125,"rotation":0,"time":617,"visible":true},{"position_x":233.891357421875,"position_y":-162.23356628418,"rotation":0,"time":633,"visible":true},{"position_x":249.758026123047,"position_y":-143.266906738281,"rotation":0,"time":650,"visible":true},{"position_x":265.624694824219,"position_y":-122.66690826416,"rotation":0,"time":667,"visible":true},{"position_x":281.491363525391,"position_y":-100.433578491211,"rotation":0,"time":683,"visible":true},{"position_x":297.358032226562,"position_y":-76.5669097900391,"rotation":0,"time":700,"visible":true},{"position_x":313.224700927734,"position_y":-51.0669097900391,"rotation":0,"time":717,"visible":true},{"position_x":329.091369628906,"position_y":-23.933572769165,"rotation":0,"time":733,"visible":true},{"position_x":344.958038330078,"position_y":4.83309555053711,"rotation":0,"time":750,"visible":true},{"position_x":360.82470703125,"position_y":35.2331008911133,"rotation":0,"time":767,"visible":true},{"position_x":376.691345214844,"position_y":59.924015045166,"rotation":0,"time":783,"visible":true},{"position_x":388.358001708984,"position_y":59.924015045166,"rotation":0,"time":800,"visible":true}]