[{"position_x":-300,"position_y":60,"rotation":0,"time":0,"visible":true},{"position_x":-300,"position_y":60,"rotation":0,"time":0,"visible":true},{"position_x":-300,"position_y":60,"rotation":0,"time":0,"visible":true},{"position_x":-300,"position_y":60,"rotation":0,"time":0,"visible":true},{"position_x":-300,"position_y":60,"rotation":0,"time":0,"visible":true},{"position_x":-300,"position_y":60,"rotation":0,"time":0,"visible":true},{"position_x":-300,"position_y":60,"rotation":0,"time":0,"visible":true},{"position_x":-300,"position_y":60,"rotation":0,"time":0,"visible":true},{"position_x":-300,"position_y":60,"rotation":0,"time":0,"visible":true},{"position_x":-300,"position_y":60,"rotation":0,"time":0,"visible":true},{"position_x":-298.600006103516,"position_y":60,"rotation":0,"time":0,"visible":true},{"position_x":-295.800018310547,"position_y":60,"rotation":0,"time":17,"visible":true},{"position_x":-291.600006103516,"position_y":60,"rotation":0,"time":33,"visible":true},{"position_x":-286,"position_y":60,"rotation":0,"time":50,"visible":true},{"position_x":-279,"position_y":60,"rotation":0,"time":67,"visible":true},{"position_x":-270.581176757812,"position_y":28.2623538970947,"rotation":0,"time":83,"visible":true},{"position_x":-260.781188964844,"position_y":-1.77098083496094,"rotation":0,"time":100,"visible":true},{"position_x":-249.581192016602,"position_y":-30.1709804534912,"rotation":0,"time":117,"visible":true},{"position_x":-236.981185913086,"position_y":-56.9376525878906,"rotation":0,"time":133,"visible":true},{"position_x":-222.981185913086,"position_y":-82.0709838867188,"rotation":0,"time":150,"visible":true},{"position_x":-207.581192016602,"position_y":-105.570983886719,"rotation":0,"time":167,"visible":true},{"position_x":-192.181182861328,"position_y":-127.437652587891,"rotation":0,"time":184,"visible":true},{"position_x":-176.781173706055,"position_y":-147.670989990234,"rotation":0,"time":200,"visible":true},{"position_x":-161.38117980957,"position_y":-166.27099609375,"rotation":0,"time":217,"visible":true},{"position_x":-145.981185913086,"position_y":-183.237655639648,"rotation":0,"time":234,"visible":true},{"position_x":-130.581192016602,"position_y":-198.570983886719,"rotation":0,"time":250,"visible":true},{"position_x":-115.181190490723,"position_y":-212.270980834961,"rotation":0,"time":267,"visible":true},{"position_x":-99.7811889648438,"position_y":-224.337646484375,"rotation":0,"time":283,"visible":true},{"position_x":-84.3811874389648,"position_y":-234.770980834961,"rotation":0,"time":300,"visible":true},{"position_x":-68.9811859130859,"position_y":-243.570983886719,"rotation":0,"time":317,"visible":true},{"position_x":-53.5811805725098,"position_y":-250.737655639648,"rotation":0,"time":333,"visible":true},{"position_x":-38.1811828613281,"position_y":-256.27099609375,"rotation":0,"time":350,"visible":true},{"position_x":-22.7811813354492,"position_y":-260.170989990234,"rotation":0,"time":367,"visible":true},{"position_x":-7.38118171691895,"position_y":-262.437652587891,"rotation":0,"time":383,"visible":true},{"position_x":8.01881790161133,"position_y":-263.070983886719,"rotation":0,"time":400,"visible":true},{"position_x":23.4188175201416,"position_y":-262.070983886719,"rotation":0,"time":417,"visible":true},{"position_x":38.8188171386719,"position_y":-259.437652587891,"rotation":0,"time":433,"visible":true},{"position_x":54.2188186645508,"position_y":-255.170989990234,"rotation":0,"time":450,"visible":true},{"position_x":69.6188201904297,"position_y":-249.27099609375,"rotation":0,"time":467,"visible":true},{"position_x":85.0188217163086,"position_y":-241.737655639648,"rotation":0,"time":483,"visible":true},{"position_x":100.418823242188,"position_y":-232.570983886719,"rotation":0,"time":500,"visible":true},{"position_x":115.818824768066,"position_y":-221.770980834961,"rotation":0,"time":517,"visible":true},{"position_x":131.218826293945,"position_y":-209.337646484375,"rotation":0,"time":533,"visible":true},{"position_x":146.61882019043,"position_y":-195.270980834961,"rotation":0,"time":550,"visible":true},{"position_x":162.018829345703,"position_y":-180.074722290039,"rotation":0,"time":567,"visible":true},{"position_x":173.685897827148,"position_y":-211.742492675781,"rotation":0,"time":583,"visible":true},{"position_x":186.752563476562,"position_y":-241.775833129883,"rotation":0,"time":600,"visible":true},{"position_x":201.21923828125,"position_y":-270.175842285156,"rotation":0,"time":617,"visible":true},{"position_x":217.085906982422,"position_y":-296.942504882812,"rotation":0,"time":633,"visible":true},{"position_x":232.952575683594,"position_y":-322.075836181641,"rotation":0,"time":650,"visible":true},{"position_x":248.819244384766,"position_y":-345.575836181641,"rotation":0,"time":667,"visible":true},{"position_x":264.685913085938,"position_y":-367.442504882812,"rotation":0,"time":683,"visible":true},{"position_x":280.552581787109,"position_y":-387.675842285156,"rotation":0,"time":700,"visible":true},{"position_x":296.419250488281,"position_y":-406.275848388672,"rotation":0,"time":717,"visible":true},{"position_x":312.285919189453,"position_y":-423.242523193359,"rotation":0,"time":733,"visible":true},{"position_x":328.152587890625,"position_y":-438.575866699219,"rotation":0,"time":750,"visible":true},{"position_x":344.019256591797,"position_y":-452.27587890625,"rotation":0,"time":767,"visible":true},{"position_x":359.885925292969,"position_y":-464.342559814453,"rotation":0,"time":783,"visible":true},{"position_x":375.752593994141,"position_y":-474.77587890625,"rotation":0,"time":800,"visible":true},{"position_x":391.619262695312,"position_y":-483.575866699219,"rotation":0,"time":817,"visible":true},{"position_x":407.485931396484,"position_y":-490.742523193359,"rotation":0,"time":833,"visible":true},{"position_x":423.352600097656,"position_y":-496.275848388672,"rotation":0,"time":850,"visible":true},{"position_x":439.219268798828,"position_y":-500.175842285156,"rotation":0,"time":867,"visible":true},{"position_x":455.0859375,"position_y":-502.442504882812,"rotation":0,"time":883,"visible":true},{"position_x":470.952606201172,"position_y":-503.075836181641,"rotation":0,"time":900,"visible":true},{"position_x":486.819274902344,"position_y":-502.075836181641,"rotation":0,"time":917,"visible":true},{"position_x":502.685943603516,"position_y":-499.442504882812,"rotation":0,"time":933,"visible":true},{"position_x":518.552612304688,"position_y":-495.175842285156,"rotation":0,"time":950,"visible":true},{"position_x":534.419250488281,"position_y":-489.275848388672,"rotation":0,"time":966,"visible":true},{"position_x":550.285888671875,"position_y":-481.742523193359,"rotation":0,"time":983,"visible":true},{"position_x":566.152526855469,"position_y":-472.575866699219,"rotation":0,"time":1000,"visible":true},{"position_x":582.019165039062,"position_y":-461.77587890625,"rotation":0,"time":1017,"visible":true},{"position_x":597.885803222656,"position_y":-449.342529296875,"rotation":0,"time":1033,"visible":true},{"position_x":613.75244140625,"position_y":-435.275848388672,"rotation":0,"time":1050,"visible":true},{"position_x":629.619140625,"position_y":-419.575836181641,"rotation":0,"time":1067,"visible":true},{"position_x":645.485778808594,"position_y":-402.242492675781,"rotation":0,"time":1083,"visible":true},{"position_x":657.152465820312,"position_y":-383.275817871094,"rotation":0,"time":1100,"visible":true},{"position_x":664.619140625,"position_y":-362.675811767578,"rotation":0,"time":1117,"visible":true},{"position_x":667.885803222656,"position_y":-340.442474365234,"rotation":0,"time":1133,"visible":true},{"position_x":666.952453613281,"position_y":-316.575805664062,"rotation":0,"time":1150,"visible":true},{"position_x":664.619140625,"position_y":-300.074737548828,"rotation":0,"time":1166,"visible":true},{"position_x":660.885803222656,"position_y":-300.074737548828,"rotation":0,"time":1183,"visible":true},{"position_x":659.074768066406,"position_y":-298.44140625,"rotation":0,"time":1200,"visible":true},{"position_x":659.074768066406,"position_y":-295.403381347656,"rotation":0,"time":1217,"visible":true},{"position_x":659.074768066406,"position_y":-291.059051513672,"rotation":0,"time":1233,"visible":true},{"position_x":659.074768066406,"position_y":-285.081390380859,"rotation":0,"time":1250,"visible":true},{"position_x":659.074768066406,"position_y":-277.470397949219,"rotation":0,"time":1267,"visible":true},{"position_x":659.074768066406,"position_y":-268.226043701172,"rotation":0,"time":1283,"visible":true},{"position_x":659.074768066406,"position_y":-257.348358154297,"rotation":0,"time":1300,"visible":true},{"position_x":659.074768066406,"position_y":-244.837356567383,"rotation":0,"time":1316,"visible":true},{"position_x":659.074768066406,"position_y":-230.693023681641,"rotation":0,"time":1333,"visible":true},{"position_x":659.074768066406,"position_y":-214.915344238281,"rotation":0,"time":1350,"visible":true},{"position_x":659.074768066406,"position_y":-197.504333496094,"rotation":0,"time":1366,"visible":true},{"position_x":659.074768066406,"position_y":-178.459991455078,"rotation":0,"time":1383,"visible":true},{"position_x":659.074768066406,"position_y":-157.782318115234,"rotation":0,"time":1400,"visible":true},{"position_x":659.074768066406,"position_y":-135.471313476562,"rotation":0,"time":1417,"visible":true},{"position_x":659.074768066406,"position_y":-111.526969909668,"rotation":0,"time":1433,"visible":true},{"position_x":659.074768066406,"position_y":-85.9492950439453,"rotation":0,"time":1450,"visible":true},{"position_x":659.074768066406,"position_y":-58.7382888793945,"rotation":0,"time":1466,"visible":true},{"position_x":659.074768066406,"position_y":-29.8939476013184,"rotation":0,"time":1483,"visible":true},{"position_x":659.074768066406,"position_y":0.58372688293457,"rotation":0,"time":1500,"visible":true},{"position_x":659.074768066406,"position_y":32.6947326660156,"rotation":0,"time":1517,"visible":true},{"position_x":659.074768066406,"position_y":66.4390716552734,"rotation":0,"time":1533,"visible":true},{"position_x":659.074768066406,"position_y":101.816741943359,"rotation":0,"time":1550,"visible":true},{"position_x":659.074768066406,"position_y":138.827758789062,"rotation":0,"time":1567,"visible":true},{"position_x":660.474792480469,"position_y":177.472106933594,"rotation":0,"time":1583,"visible":true},{"position_x":663.274780273438,"position_y":217.749786376953,"rotation":0,"time":1600,"visible":true},{"position_x":667.474792480469,"position_y":259.660797119141,"rotation":0,"time":1617,"visible":true},{"position_x":673.074768066406,"position_y":299.924041748047,"rotation":0,"time":1633,"visible":true},{"position_x":680.074768066406,"position_y":299.924041748047,"rotation":0,"time":1650,"visible":true}]