[{"position_x":-300,"position_y":60,"rotation":0,"time":0,"visible":true},{"position_x":-300,"position_y":60,"rotation":0,"time":0,"visible":true},{"position_x":-300,"position_y":60,"rotation":0,"time":0,"visible":true},{"position_x":-300,"position_y":60,"rotation":0,"time":0,"visible":true},{"position_x":-300,"position_y":60,"rotation":0,"time":0,"visible":true},{"position_x":-300,"position_y":60,"rotation":0,"time":0,"visible":true},{"position_x":-300,"position_y":60,"rotation":0,"time":0,"visible":true},{"position_x":-300,"position_y":60,"rotation":0,"time":0,"visible":true},{"position_x":-300,"position_y":60,"rotation":0,"time":0,"visible":true},{"position_x":-300,"position_y":60,"rotation":0,"time":0,"visible":true},{"position_x":-300,"position_y":60,"rotation":0,"time":0,"visible":true},{"position_x":-300,"position_y":60,"rotation":0,"time":0,"visible":true},{"position_x":-300,"position_y":60,"rotation":0,"time":0,"visible":true},{"position_x":-300,"position_y":60,"rotation":0,"time":0,"visible":true},{"position_x":-300,"position_y":60,"rotation":0,"time":0,"visible":true},{"position_x":-300,"position_y":60,"rotation":0,"time":0,"visible":true},{"position_x":-300,"position_y":60,"rotation":0,"time":0,"visible":true},{"position_x":-300,"position_y":60,"rotation":0,"time":0,"visible":true},{"position_x":-300,"position_y":60,"rotation":0,"time":0,"visible":true},{"position_x":-300,"position_y":60,"rotation":0,"time":0,"visible":true},{"position_x":-300,"position_y":60,"rotation":0,"time":0,"visible":true},{"position_x":-300,"position_y":60,"rotation":0,"time":0,"visible":true},{"position_x":-300,"position_y":60,"rotation":0,"time":0,"visible":true},{"position_x":-300,"position_y":60,"rotation":0,"time":0,"visible":true},{"position_x":-300,"position_y":60,"rotation":0,"time":0,"visible":true},{"position_x":-300,"position_y":60,"rotation":0,"time":0,"visible":true},{"position_x":-300,"position_y":60,"rotation":0,"time":0,"visible":true},{"position_x":-300,"position_y":60,"rotation":0,"time":0,"visible":true},{"position_x":-300,"position_y":60,"rotation":0,"time":0,"visible":true},{"position_x":-300,"position_y":60,"rotation":0,"time":0,"visible":true},{"position_x":-300,"position_y":60,"rotation":0,"time":0,"visible":true},{"position_x":-300,"position_y":60,"rotation":0,"time":0,"visible":true},{"position_x":-300,"position_y":60,"rotation":0,"time":0,"visible":true},{"position_x":-300,"position_y":60,"rotation":0,"time":0,"visible":true},{"position_x":-300,"position_y":60,"rotation":0,"time":0,"visible":true},{"position_x":-300,"position_y":60,"rotation":0,"time":0,"visible":true},{"position_x":-300,"position_y":60,"rotation":0,"time":0,"visible":true},{"position_x":-300,"position_y":60,"rotation":0,"time":0,"visible":true},{"position_x":-300,"position_y":60,"rotation":0,"time":0,"visible":true},{"position_x":-300,"position_y":60,"rotation":0,"time":0,"visible":true},{"position_x":-300,"position_y":60,"rotation":0,"time":0,"visible":true},{"position_x":-300,"position_y":60,"rotation":0,"time":0,"visible":true},{"position_x":-300,"position_y":60,"rotation":0,"time":0,"visible":true},{"position_x":-300,"position_y":60,"rotation":0,"time":0,"visible":true},{"position_x":-300,"position_y":60,"rotation":0,"time":0,"visible":true},{"position_x":-298.596710205078,"position_y":28.2587509155273,"rotation":0,"time":0,"visible":true},{"position_x":-295.796722412109,"position_y":-1.77458381652832,"rotation":0,"time":16,"visible":true},{"position_x":-291.596710205078,"position_y":-30.1745853424072,"rotation":0,"time":33,"visible":true},{"position_x":-285.996704101562,"position_y":-56.9412536621094,"rotation":0,"time":50,"visible":true},{"position_x":-278.996704101562,"position_y":-82.0745849609375,"rotation":0,"time":66,"visible":true},{"position_x":-270.596710205078,"position_y":-105.574584960938,"rotation":0,"time":83,"visible":true},{"position_x":-260.796722412109,"position_y":-127.441253662109,"rotation":0,"time":100,"visible":true},{"position_x":-249.596725463867,"position_y":-147.674591064453,"rotation":0,"time":116,"visible":true},{"position_x":-236.996719360352,"position_y":-166.274597167969,"rotation":0,"time":133,"visible":true},{"position_x":-222.996719360352,"position_y":-183.241271972656,"rotation":0,"time":149,"visible":true},{"position_x":-207.596725463867,"position_y":-198.574600219727,"rotation":0,"time":166,"visible":true},{"position_x":-192.196716308594,"position_y":-212.274597167969,"rotation":0,"time":183,"visible":true},{"position_x":-176.796722412109,"position_y":-224.341262817383,"rotation":0,"time":200,"visible":true},{"position_x":-161.396728515625,"position_y":-234.774597167969,"rotation":0,"time":216,"visible":true},{"position_x":-145.996734619141,"position_y":-243.574600219727,"rotation":0,"time":233,"visible":true},{"position_x":-130.596725463867,"position_y":-250.741271972656,"rotation":0,"time":250,"visible":true},{"position_x":-115.196723937988,"position_y":-256.274597167969,"rotation":0,"time":266,"visible":true},{"position_x":-99.7967224121094,"position_y":-260.174591064453,"rotation":0,"time":283,"visible":true},{"position_x":-84.3967208862305,"position_y":-262.441253662109,"rotation":0,"time":299,"visible":true},{"position_x":-68.9967193603516,"position_y":-263.074584960938,"rotation":0,"time":316,"visible":true},{"position_x":-53.5967178344727,"position_y":-262.074584960938,"rotation":0,"time":333,"visible":true},{"position_x":-38.1967163085938,"position_y":-259.441253662109,"rotation":0,"time":350,"visible":true},{"position_x":-22.7967147827148,"position_y":-255.174591064453,"rotation":0,"time":366,"visible":true},{"position_x":-7.39671611785889,"position_y":-249.274597167969,"rotation":0,"time":383,"visible":true},{"position_x":8.0032844543457,"position_y":-241.741256713867,"rotation":0,"time":400,"visible":true},{"position_x":23.4032859802246,"position_y":-232.574584960938,"rotation":0,"time":416,"visible":true},{"position_x":38.8032875061035,"position_y":-221.77458190918,"rotation":0,"time":433,"visible":true},{"position_x":54.2032890319824,"position_y":-209.341247558594,"rotation":0,"time":450,"visible":true},{"position_x":60.9242782592773,"position_y":-195.27458190918,"rotation":0,"time":466,"visible":true},{"position_x":60.9252700805664,"position_y":-180.673583984375,"rotation":0,"time":483,"visible":true},{"position_x":62.3252716064453,"position_y":-165.575653076172,"rotation":0,"time":500,"visible":true},{"position_x":65.1252746582031,"position_y":-148.844390869141,"rotation":0,"time":516,"visible":true},{"position_x":69.3252716064453,"position_y":-130.479797363281,"rotation":0,"time":533,"visible":true},{"position_x":74.9252700805664,"position_y":-110.481872558594,"rotation":0,"time":550,"visible":true},{"position_x":81.9252700805664,"position_y":-88.8506088256836,"rotation":0,"time":566,"visible":true},{"position_x":90.3252716064453,"position_y":-65.5860137939453,"rotation":0,"time":583,"visible":true},{"position_x":100.125267028809,"position_y":-60.0749778747559,"rotation":0,"time":600,"visible":true},{"position_x":111.325271606445,"position_y":-60.0749778747559,"rotation":0,"time":617,"visible":true},{"position_x":122.99193572998,"position_y":-60.0749778747559,"rotation":0,"time":633,"visible":true},{"position_x":134.658599853516,"position_y":-60.0749778747559,"rotation":0,"time":650,"visible":true},{"position_x":146.325271606445,"position_y":-60.0749778747559,"rotation":0,"time":666,"visible":true},{"position_x":157.991943359375,"position_y":-60.0749778747559,"rotation":0,"time":683,"visible":true},{"position_x":169.658615112305,"position_y":-60.0749778747559,"rotation":0,"time":700,"visible":true},{"position_x":181.325286865234,"position_y":-60.0749778747559,"rotation":0,"time":716,"visible":true},{"position_x":192.991958618164,"position_y":-60.0749778747559,"rotation":0,"time":733,"visible":true},{"position_x":204.658630371094,"position_y":-60.0749778747559,"rotation":0,"time":749,"visible":true},{"position_x":216.325302124023,"position_y":-60.0749778747559,"rotation":0,"time":766,"visible":true},{"position_x":227.991973876953,"position_y":-60.0749778747559,"rotation":0,"time":783,"visible":true},{"position_x":239.658645629883,"position_y":-60.0749778747559,"rotation":0,"time":800,"visible":true},{"position_x":251.325317382812,"position_y":-60.0749778747559,"rotation":0,"time":816,"visible":true},{"position_x":262.991973876953,"position_y":-60.0749778747559,"rotation":0,"time":833,"visible":true},{"position_x":274.658630371094,"position_y":-60.0749778747559,"rotation":0,"time":849,"visible":true},{"position_x":286.325286865234,"position_y":-60.0749778747559,"rotation":0,"time":866,"visible":true},{"position_x":297.991943359375,"position_y":-60.0749778747559,"rotation":0,"time":883,"visible":true},{"position_x":309.658599853516,"position_y":-60.0749778747559,"rotation":0,"time":900,"visible":true},{"position_x":322.725280761719,"position_y":-58.4416427612305,"rotation":0,"time":916,"visible":true},{"position_x":337.191955566406,"position_y":-55.174976348877,"rotation":0,"time":933,"visible":true},{"position_x":353.058624267578,"position_y":-50.2749786376953,"rotation":0,"time":949,"visible":true},{"position_x":368.92529296875,"position_y":-43.7416458129883,"rotation":0,"time":966,"visible":true},{"position_x":384.791961669922,"position_y":-35.5749778747559,"rotation":0,"time":983,"visible":true},{"position_x":400.658630371094,"position_y":-25.774974822998,"rotation":0,"time":1000,"visible":true},{"position_x":416.525299072266,"position_y":-14.3416404724121,"rotation":0,"time":1016,"visible":true},{"position_x":432.391967773438,"position_y":-1.27497482299805,"rotation":0,"time":1033,"visible":true},{"position_x":448.258636474609,"position_y":13.4250268936157,"rotation":0,"time":1050,"visible":true},{"position_x":464.125305175781,"position_y":29.7583618164062,"rotation":0,"time":1066,"visible":true},{"position_x":479.991973876953,"position_y":47.7250289916992,"rotation":0,"time":1083,"visible":true},{"position_x":495.858642578125,"position_y":67.3250350952148,"rotation":0,"time":1100,"visible":true},{"position_x":511.725311279297,"position_y":88.5583724975586,"rotation":0,"time":1116,"visible":true},{"position_x":527.591979980469,"position_y":111.42504119873,"rotation":0,"time":1133,"visible":true},{"position_x":543.458618164062,"position_y":135.925048828125,"rotation":0,"time":1150,"visible":true},{"position_x":559.325256347656,"position_y":162.058380126953,"rotation":0,"time":1166,"visible":true},{"position_x":575.19189453125,"position_y":189.825042724609,"rotation":0,"time":1183,"visible":true},{"position_x":591.05859375,"position_y":219.225051879883,"rotation":0,"time":1200,"visible":true},{"position_x":606.92529296875,"position_y":250.258392333984,"rotation":0,"time":1216,"visible":true},{"position_x":622.791931152344,"position_y":282.925048828125,"rotation":0,"time":1233,"visible":true},{"position_x":638.658569335938,"position_y":317.225036621094,"rotation":0,"time":1249,"visible":true},{"position_x":654.525268554688,"position_y":353.158386230469,"rotation":0,"time":1266,"visible":true},{"position_x":670.391906738281,"position_y":390.725036621094,"rotation":0,"time":1283,"visible":true},{"position_x":686.258544921875,"position_y":419.925170898438,"rotation":0,"time":1300,"visible":true},{"position_x":697.925598144531,"position_y":388.257507324219,"rotation":0,"time":1316,"visible":true},{"position_x":710.992248535156,"position_y":358.224182128906,"rotation":0,"time":1333,"visible":true},{"position_x":725.458923339844,"position_y":329.824188232422,"rotation":0,"time":1350,"visible":true},{"position_x":741.325622558594,"position_y":303.057525634766,"rotation":0,"time":1366,"visible":true},{"position_x":757.192321777344,"position_y":277.924194335938,"rotation":0,"time":1383,"visible":true},{"position_x":773.058959960938,"position_y":254.424194335938,"rotation":0,"time":1400,"visible":true},{"position_x":788.925598144531,"position_y":232.557525634766,"rotation":0,"time":1416,"visible":true},{"position_x":804.792236328125,"position_y":212.324188232422,"rotation":0,"time":1433,"visible":true},{"position_x":820.658874511719,"position_y":193.724182128906,"rotation":0,"time":1449,"visible":true},{"position_x":836.525512695312,"position_y":176.757507324219,"rotation":0,"time":1466,"visible":true},{"position_x":852.392211914062,"position_y":161.424179077148,"rotation":0,"time":1483,"visible":true},{"position_x":868.258911132812,"position_y":147.724182128906,"rotation":0,"time":1500,"visible":true},{"position_x":884.125549316406,"position_y":135.657516479492,"rotation":0,"time":1516,"visible":true},{"position_x":899.9921875,"position_y":125.224182128906,"rotation":0,"time":1533,"visible":true},{"position_x":915.85888671875,"position_y":116.424179077148,"rotation":0,"time":1549,"visible":true},{"position_x":931.7255859375,"position_y":109.257507324219,"rotation":0,"time":1566,"visible":true},{"position_x":947.592224121094,"position_y":103.724174499512,"rotation":0,"time":1583,"visible":true},{"position_x":963.458862304688,"position_y":99.8241729736328,"rotation":0,"time":1600,"visible":true},{"position_x":979.325561523438,"position_y":97.557502746582,"rotation":0,"time":1616,"visible":true},{"position_x":995.192199707031,"position_y":96.9241714477539,"rotation":0,"time":1633,"visible":true},{"position_x":1011.05883789062,"position_y":97.9241714477539,"rotation":0,"time":1649,"visible":true},{"position_x":1026.92553710938,"position_y":100.557502746582,"rotation":0,"time":1666,"visible":true},{"position_x":1042.79223632812,"position_y":104.824172973633,"rotation":0,"time":1683,"visible":true},{"position_x":1058.65893554688,"position_y":110.724174499512,"rotation":0,"time":1700,"visible":true},{"position_x":1074.52563476562,"position_y":118.257507324219,"rotation":0,"time":1716,"visible":true},{"position_x":1090.39233398438,"position_y":127.424171447754,"rotation":0,"time":1733,"visible":true},{"position_x":1106.25903320312,"position_y":138.224166870117,"rotation":0,"time":1749,"visible":true},{"position_x":1122.12573242188,"position_y":150.657501220703,"rotation":0,"time":1766,"visible":true},{"position_x":1133.79235839844,"position_y":164.724166870117,"rotation":0,"time":1783,"visible":true},{"position_x":1141.25903320312,"position_y":180.424163818359,"rotation":0,"time":1800,"visible":true},{"position_x":1144.52575683594,"position_y":197.75749206543,"rotation":0,"time":1816,"visible":true},{"position_x":1143.59240722656,"position_y":216.724151611328,"rotation":0,"time":1833,"visible":true},{"position_x":1141.25903320312,"position_y":237.324157714844,"rotation":0,"time":1850,"visible":true},{"position_x":1137.52575683594,"position_y":259.557495117188,"rotation":0,"time":1866,"visible":true},{"position_x":1132.39245605469,"position_y":283.424163818359,"rotation":0,"time":1883,"visible":true},{"position_x":1131.45910644531,"position_y":308.924163818359,"rotation":0,"time":1900,"visible":true},{"position_x":1131.92578125,"position_y":336.057495117188,"rotation":0,"time":1916,"visible":true},{"position_x":1133.79248046875,"position_y":364.824157714844,"rotation":0,"time":1933,"visible":true},{"position_x":1137.05920410156,"position_y":395.224151611328,"rotation":0,"time":1949,"visible":true},{"position_x":1141.72595214844,"position_y":419.925231933594,"rotation":0,"time":1966,"visible":true},{"position_x":1147.79284667969,"position_y":388.257415771484,"rotation":0,"time":1983,"visible":true},{"position_x":1155.25952148438,"position_y":358.224090576172,"rotation":0,"time":2000,"visible":true},{"position_x":1164.12622070312,"position_y":329.824096679688,"rotation":0,"time":2016,"visible":true},{"position_x":1174.39294433594,"position_y":303.057434082031,"rotation":0,"time":2033,"visible":true},{"position_x":1186.0595703125,"position_y":277.924102783203,"rotation":0,"time":2049,"visible":true},{"position_x":1199.12622070312,"position_y":254.424102783203,"rotation":0,"time":2066,"visible":true},{"position_x":1213.59289550781,"position_y":232.557434082031,"rotation":0,"time":2083,"visible":true},{"position_x":1229.45959472656,"position_y":212.324096679688,"rotation":0,"time":2100,"visible":true},{"position_x":1245.32629394531,"position_y":193.724090576172,"rotation":0,"time":2116,"visible":true},{"position_x":1261.19299316406,"position_y":176.757415771484,"rotation":0,"time":2133,"visible":true},{"position_x":1277.05969238281,"position_y":161.424087524414,"rotation":0,"time":2150,"visible":true},{"position_x":1292.92639160156,"position_y":147.724090576172,"rotation":0,"time":2166,"visible":true},{"position_x":1308.79309082031,"position_y":135.657424926758,"rotation":0,"time":2183,"visible":true},{"position_x":1324.65979003906,"position_y":125.224090576172,"rotation":0,"time":2200,"visible":true},{"position_x":1340.52648925781,"position_y":116.424087524414,"rotation":0,"time":2216,"visible":true},{"position_x":1356.39318847656,"position_y":109.257415771484,"rotation":0,"time":2233,"visible":true},{"position_x":1372.25988769531,"position_y":103.724082946777,"rotation":0,"time":2249,"visible":true},{"position_x":1388.12658691406,"position_y":99.8240814208984,"rotation":0,"time":2266,"visible":true},{"position_x":1403.99328613281,"position_y":97.5574111938477,"rotation":0,"time":2283,"visible":true},{"position_x":1419.85998535156,"position_y":96.9240798950195,"rotation":0,"time":2299,"visible":true},{"position_x":1435.72668457031,"position_y":97.9240798950195,"rotation":0,"time":2316,"visible":true},{"position_x":1451.59338378906,"position_y":100.557411193848,"rotation":0,"time":2333,"visible":true},{"position_x":1467.46008300781,"position_y":104.824081420898,"rotation":0,"time":2349,"visible":true},{"position_x":1483.32678222656,"position_y":110.724082946777,"rotation":0,"time":2366,"visible":true},{"position_x":1499.19348144531,"position_y":118.257415771484,"rotation":0,"time":2383,"visible":true},{"position_x":1515.06018066406,"position_y":127.42407989502,"rotation":0,"time":2400,"visible":true},{"position_x":1530.92687988281,"position_y":138.224075317383,"rotation":0,"time":2416,"visible":true},{"position_x":1546.79357910156,"position_y":150.657409667969,"rotation":0,"time":2433,"visible":true},{"position_x":1562.66027832031,"position_y":164.724075317383,"rotation":0,"time":2449,"visible":true},{"position_x":1578.52697753906,"position_y":179.925277709961,"rotation":0,"time":2466,"visible":true},{"position_x":1590.19360351562,"position_y":179.925277709961,"rotation":0,"time":2483,"visible":true},{"position_x":1601.86022949219,"position_y":179.925277709961,"rotation":0,"time":2499,"visible":true},{"position_x":1613.52734375,"position_y":148.257507324219,"rotation":0,"time":2516,"visible":true},{"position_x":1626.59399414062,"position_y":118.224166870117,"rotation":0,"time":2533,"visible":true},{"position_x":1641.06066894531,"position_y":89.8241577148438,"rotation":0,"time":2549,"visible":true},{"position_x":1656.92736816406,"position_y":63.057487487793,"rotation":0,"time":2566,"visible":true},{"position_x":1672.79406738281,"position_y":37.9241485595703,"rotation":0,"time":2583,"visible":true},{"position_x":1688.66076660156,"position_y":14.4241466522217,"rotation":0,"time":2600,"visible":true},{"position_x":1704.52746582031,"position_y":-7.4425220489502,"rotation":0,"time":2616,"visible":true},{"position_x":1720.39416503906,"position_y":-27.6758556365967,"rotation":0,"time":2633,"visible":true},{"position_x":1736.26086425781,"position_y":-46.2758560180664,"rotation":0,"time":2649,"visible":true},{"position_x":1752.12756347656,"position_y":-63.2425231933594,"rotation":0,"time":2666,"visible":true},{"position_x":1767.99426269531,"position_y":-78.5758590698242,"rotation":0,"time":2683,"visible":true},{"position_x":1783.86096191406,"position_y":-107.275863647461,"rotation":0,"time":2700,"visible":true},{"position_x":1799.72766113281,"position_y":-134.342529296875,"rotation":0,"time":2716,"visible":true},{"position_x":1815.59436035156,"position_y":-159.775863647461,"rotation":0,"time":2733,"visible":true},{"position_x":1831.46105957031,"position_y":-183.575866699219,"rotation":0,"time":2750,"visible":true},{"position_x":1847.32775878906,"position_y":-205.742538452148,"rotation":0,"time":2766,"visible":true},{"position_x":1863.19445800781,"position_y":-226.27587890625,"rotation":0,"time":2783,"visible":true},{"position_x":1879.06115722656,"position_y":-245.175872802734,"rotation":0,"time":2800,"visible":true},{"position_x":1894.92785644531,"position_y":-262.442535400391,"rotation":0,"time":2816,"visible":true},{"position_x":1910.79455566406,"position_y":-278.075866699219,"rotation":0,"time":2833,"visible":true},{"position_x":1926.66125488281,"position_y":-292.075866699219,"rotation":0,"time":2849,"visible":true},{"position_x":1942.52795410156,"position_y":-304.442535400391,"rotation":0,"time":2866,"visible":true},{"position_x":1958.39465332031,"position_y":-315.175872802734,"rotation":0,"time":2883,"visible":true},{"position_x":1974.26135253906,"position_y":-324.27587890625,"rotation":0,"time":2900,"visible":true},{"position_x":1990.12805175781,"position_y":-331.742553710938,"rotation":0,"time":2916,"visible":true},{"position_x":2005.99475097656,"position_y":-337.575897216797,"rotation":0,"time":2933,"visible":true},{"position_x":2021.86145019531,"position_y":-341.775909423828,"rotation":0,"time":2950,"visible":true},{"position_x":2037.72814941406,"position_y":-344.342590332031,"rotation":0,"time":2966,"visible":true},{"position_x":2053.5947265625,"position_y":-345.275909423828,"rotation":0,"time":2983,"visible":true},{"position_x":2069.46142578125,"position_y":-344.575897216797,"rotation":0,"time":3000,"visible":true},{"position_x":2085.328125,"position_y":-342.242553710938,"rotation":0,"time":3016,"visible":true},{"position_x":2101.19482421875,"position_y":-338.27587890625,"rotation":0,"time":3033,"visible":true},{"position_x":2117.0615234375,"position_y":-332.675872802734,"rotation":0,"time":3050,"visible":true},{"position_x":2132.92822265625,"position_y":-325.442535400391,"rotation":0,"time":3066,"visible":true},{"position_x":2148.794921875,"position_y":-316.575866699219,"rotation":0,"time":3083,"visible":true},{"position_x":2164.66162109375,"position_y":-306.075866699219,"rotation":0,"time":3100,"visible":true},{"position_x":2180.5283203125,"position_y":-293.942535400391,"rotation":0,"time":3116,"visible":true},{"position_x":2196.39501953125,"position_y":-280.175872802734,"rotation":0,"time":3133,"visible":true},{"position_x":2212.26171875,"position_y":-264.77587890625,"rotation":0,"time":3150,"visible":true},{"position_x":2228.12841796875,"position_y":-247.742538452148,"rotation":0,"time":3166,"visible":true},{"position_x":2243.9951171875,"position_y":-229.075866699219,"rotation":0,"time":3183,"visible":true},{"position_x":2259.86181640625,"position_y":-208.775863647461,"rotation":0,"time":3199,"visible":true},{"position_x":2275.728515625,"position_y":-186.842529296875,"rotation":0,"time":3216,"visible":true},{"position_x":2291.59521484375,"position_y":-163.275863647461,"rotation":0,"time":3233,"visible":true},{"position_x":2307.4619140625,"position_y":-138.075866699219,"rotation":0,"time":3249,"visible":true},{"position_x":2323.32861328125,"position_y":-111.242538452148,"rotation":0,"time":3266,"visible":true},{"position_x":2339.1953125,"position_y":-82.7758712768555,"rotation":0,"time":3283,"visible":true},{"position_x":2355.06201171875,"position_y":-52.6758651733398,"rotation":0,"time":3300,"visible":true},{"position_x":2370.9287109375,"position_y":-20.9425258636475,"rotation":0,"time":3316,"visible":true},{"position_x":2386.79541015625,"position_y":12.4241428375244,"rotation":0,"time":3333,"visible":true},{"position_x":2402.662109375,"position_y":47.4241409301758,"rotation":0,"time":3350,"visible":true},{"position_x":2418.52880859375,"position_y":84.0574798583984,"rotation":0,"time":3366,"visible":true},{"position_x":2434.3955078125,"position_y":122.324157714844,"rotation":0,"time":3383,"visible":true},{"position_x":2450.26220703125,"position_y":162.224151611328,"rotation":0,"time":3399,"visible":true},{"position_x":2466.12890625,"position_y":203.75749206543,"rotation":0,"time":3416,"visible":true},{"position_x":2481.99560546875,"position_y":246.924163818359,"rotation":0,"time":3433,"visible":true},{"position_x":2497.8623046875,"position_y":291.724182128906,"rotation":0,"time":3449,"visible":true},{"position_x":2513.72900390625,"position_y":299.924377441406,"rotation":0,"time":3466,"visible":true},{"position_x":2525.39575195312,"position_y":299.924377441406,"rotation":0,"time":3483,"visible":true},{"position_x":2537.0625,"position_y":299.924377441406,"rotation":0,"time":3500,"visible":true},{"position_x":2548.72924804688,"position_y":299.924377441406,"rotation":0,"time":3516,"visible":true},{"position_x":2560.39599609375,"position_y":299.924377441406,"rotation":0,"time":3533,"visible":true},{"position_x":2572.06274414062,"position_y":299.924377441406,"rotation":0,"time":3549,"visible":true},{"position_x":2583.7294921875,"position_y":299.924377441406,"rotation":0,"time":3566,"visible":true},{"position_x":2595.39624023438,"position_y":299.924377441406,"rotation":0,"time":3583,"visible":true},{"position_x":2607.06298828125,"position_y":299.924377441406,"rotation":0,"time":3599,"visible":true},{"position_x":2618.72973632812,"position_y":299.924377441406,"rotation":0,"time":3616,"visible":true},{"position_x":2630.396484375,"position_y":299.924377441406,"rotation":0,"time":3633,"visible":true},{"position_x":2642.06323242188,"position_y":299.924377441406,"rotation":0,"time":3649,"visible":true},{"position_x":2653.72998046875,"position_y":299.924377441406,"rotation":0,"time":3666,"visible":true},{"position_x":2665.39672851562,"position_y":299.924377441406,"rotation":0,"time":3683,"visible":true},{"position_x":2677.0634765625,"position_y":299.924377441406,"rotation":0,"time":3699,"visible":true},{"position_x":2688.73022460938,"position_y":299.924377441406,"rotation":0,"time":3716,"visible":true},{"position_x":2700.39697265625,"position_y":299.924377441406,"rotation":0,"time":3733,"visible":true},{"position_x":2712.06372070312,"position_y":299.924377441406,"rotation":0,"time":3749,"visible":true},{"position_x":2723.73046875,"position_y":299.924377441406,"rotation":0,"time":3766,"visible":true},{"position_x":2735.39721679688,"position_y":299.924377441406,"rotation":0,"time":3783,"visible":true},{"position_x":2747.06396484375,"position_y":299.924377441406,"rotation":0,"time":3800,"visible":true},{"position_x":2758.73071289062,"position_y":299.924377441406,"rotation":0,"time":3816,"visible":true},{"position_x":2770.3974609375,"position_y":299.924377441406,"rotation":0,"time":3833,"visible":true},{"position_x":2782.06420898438,"position_y":299.924377441406,"rotation":0,"time":3849,"visible":true},{"position_x":2793.73095703125,"position_y":268.257385253906,"rotation":0,"time":3866,"visible":true},{"position_x":2806.79760742188,"position_y":238.224044799805,"rotation":0,"time":3883,"visible":true},{"position_x":2821.26416015625,"position_y":209.824035644531,"rotation":0,"time":3899,"visible":true},{"position_x":2837.130859375,"position_y":183.057373046875,"rotation":0,"time":3916,"visible":true},{"position_x":2852.99755859375,"position_y":157.924041748047,"rotation":0,"time":3933,"visible":true},{"position_x":2868.8642578125,"position_y":119.424041748047,"rotation":0,"time":3949,"visible":true},{"position_x":2884.73095703125,"position_y":82.557373046875,"rotation":0,"time":3966,"visible":true},{"position_x":2900.59765625,"position_y":47.3240394592285,"rotation":0,"time":3983,"visible":true},{"position_x":2916.46435546875,"position_y":13.7240371704102,"rotation":0,"time":4000,"visible":true},{"position_x":2932.3310546875,"position_y":-33.2426338195801,"rotation":0,"time":4016,"visible":true},{"position_x":2948.19775390625,"position_y":-78.5759735107422,"rotation":0,"time":4033,"visible":true},{"position_x":2964.064453125,"position_y":-122.275970458984,"rotation":0,"time":4049,"visible":true},{"position_x":2979.93115234375,"position_y":-164.342636108398,"rotation":0,"time":4066,"visible":true},{"position_x":2991.59790039062,"position_y":-204.775970458984,"rotation":0,"time":4083,"visible":true},{"position_x":2999.064453125,"position_y":-243.575973510742,"rotation":0,"time":4099,"visible":true},{"position_x":3002.3310546875,"position_y":-295.742645263672,"rotation":0,"time":4116,"visible":true},{"position_x":3001.39770507812,"position_y":-346.275970458984,"rotation":0,"time":4133,"visible":true},{"position_x":2999.064453125,"position_y":-395.175964355469,"rotation":0,"time":4149,"visible":true},{"position_x":2995.3310546875,"position_y":-442.442626953125,"rotation":0,"time":4166,"visible":true},{"position_x":2990.19775390625,"position_y":-488.075958251953,"rotation":0,"time":4183,"visible":true},{"position_x":2983.66430664062,"position_y":-532.075927734375,"rotation":0,"time":4200,"visible":true},{"position_x":2975.73095703125,"position_y":-574.442626953125,"rotation":0,"time":4216,"visible":true},{"position_x":2966.39770507812,"position_y":-615.175964355469,"rotation":0,"time":4233,"visible":true},{"position_x":2955.66430664062,"position_y":-654.275939941406,"rotation":0,"time":4249,"visible":true},{"position_x":2943.53100585938,"position_y":-691.742614746094,"rotation":0,"time":4266,"visible":true},{"position_x":2929.99755859375,"position_y":-727.575927734375,"rotation":0,"time":4283,"visible":true},{"position_x":2915.06420898438,"position_y":-761.775939941406,"rotation":0,"time":4299,"visible":true},{"position_x":2898.73095703125,"position_y":-794.342590332031,"rotation":0,"time":4316,"visible":true},{"position_x":2882.39770507812,"position_y":-825.275939941406,"rotation":0,"time":4333,"visible":true},{"position_x":2866.064453125,"position_y":-854.575927734375,"rotation":0,"time":4349,"visible":true},{"position_x":2849.73120117188,"position_y":-882.242614746094,"rotation":0,"time":4366,"visible":true},{"position_x":2833.39794921875,"position_y":-908.275939941406,"rotation":0,"time":4383,"visible":true},{"position_x":2817.06469726562,"position_y":-932.675964355469,"rotation":0,"time":4399,"visible":true},{"position_x":2800.7314453125,"position_y":-955.442626953125,"rotation":0,"time":4416,"visible":true},{"position_x":2784.39819335938,"position_y":-976.575988769531,"rotation":0,"time":4433,"visible":true},{"position_x":2768.06494140625,"position_y":-996.075988769531,"rotation":0,"time":4449,"visible":true},{"position_x":2751.73168945312,"position_y":-1013.94262695312,"rotation":0,"time":4466,"visible":true},{"position_x":2735.3984375,"position_y":-1030.17590332031,"rotation":0,"time":4483,"visible":true},{"position_x":2719.06518554688,"position_y":-1044.77587890625,"rotation":0,"time":4499,"visible":true},{"position_x":2702.73193359375,"position_y":-1057.74255371094,"rotation":0,"time":4516,"visible":true},{"position_x":2686.39868164062,"position_y":-1069.07592773438,"rotation":0,"time":4533,"visible":true},{"position_x":2670.0654296875,"position_y":-1078.77587890625,"rotation":0,"time":4549,"visible":true},{"position_x":2653.73217773438,"position_y":-1086.84252929688,"rotation":0,"time":4566,"visible":true},{"position_x":2637.39892578125,"position_y":-1093.27587890625,"rotation":0,"time":4583,"visible":true},{"position_x":2621.06567382812,"position_y":-1098.07592773438,"rotation":0,"time":4599,"visible":true},{"position_x":2604.732421875,"position_y":-1101.24255371094,"rotation":0,"time":4616,"visible":true},{"position_x":2592.59912109375,"position_y":-1102.77587890625,"rotation":0,"time":4633,"visible":true},{"position_x":2584.66577148438,"position_y":-1102.67590332031,"rotation":0,"time":4649,"visible":true},{"position_x":2580.93237304688,"position_y":-1100.94262695312,"rotation":0,"time":4666,"visible":true},{"position_x":2581.39892578125,"position_y":-1097.57592773438,"rotation":0,"time":4683,"visible":true},{"position_x":2583.265625,"position_y":-1092.57592773438,"rotation":0,"time":4699,"visible":true},{"position_x":2586.5322265625,"position_y":-1085.94262695312,"rotation":0,"time":4716,"visible":true},{"position_x":2585.59887695312,"position_y":-1077.67590332031,"rotation":0,"time":4733,"visible":true},{"position_x":2583.265625,"position_y":-1067.77587890625,"rotation":0,"time":4749,"visible":true},{"position_x":2579.5322265625,"position_y":-1056.24255371094,"rotation":0,"time":4766,"visible":true},{"position_x":2574.39892578125,"position_y":-1043.07592773438,"rotation":0,"time":4783,"visible":true},{"position_x":2567.86547851562,"position_y":-1028.27587890625,"rotation":0,"time":4799,"visible":true},{"position_x":2559.93212890625,"position_y":-1020.07489013672,"rotation":0,"time":4816,"visible":true},{"position_x":2550.59887695312,"position_y":-1020.07489013672,"rotation":0,"time":4832,"visible":true},{"position_x":2539.865234375,"position_y":-1051.74255371094,"rotation":0,"time":4849,"visible":true},{"position_x":2527.73193359375,"position_y":-1081.77587890625,"rotation":0,"time":4866,"visible":true},{"position_x":2514.19848632812,"position_y":-1110.17590332031,"rotation":0,"time":4883,"visible":true},{"position_x":2499.26513671875,"position_y":-1136.94262695312,"rotation":0,"time":4899,"visible":true},{"position_x":2482.93188476562,"position_y":-1162.07592773438,"rotation":0,"time":4916,"visible":true},{"position_x":2466.5986328125,"position_y":-1185.57592773438,"rotation":0,"time":4933,"visible":true},{"position_x":2450.26538085938,"position_y":-1207.44262695312,"rotation":0,"time":4949,"visible":true},{"position_x":2433.93212890625,"position_y":-1227.67590332031,"rotation":0,"time":4966,"visible":true},{"position_x":2417.59887695312,"position_y":-1246.27587890625,"rotation":0,"time":4983,"visible":true},{"position_x":2401.265625,"position_y":-1263.24255371094,"rotation":0,"time":4999,"visible":true},{"position_x":2384.93237304688,"position_y":-1278.57592773438,"rotation":0,"time":5016,"visible":true},{"position_x":2368.59912109375,"position_y":-1292.27587890625,"rotation":0,"time":5033,"visible":true},{"position_x":2352.26586914062,"position_y":-1304.34252929688,"rotation":0,"time":5049,"visible":true},{"position_x":2335.9326171875,"position_y":-1314.77587890625,"rotation":0,"time":5066,"visible":true},{"position_x":2319.59936523438,"position_y":-1323.57592773438,"rotation":0,"time":5083,"visible":true},{"position_x":2303.26611328125,"position_y":-1330.74255371094,"rotation":0,"time":5099,"visible":true},{"position_x":2286.93286132812,"position_y":-1336.27587890625,"rotation":0,"time":5116,"visible":true},{"position_x":2270.599609375,"position_y":-1340.17590332031,"rotation":0,"time":5133,"visible":true},{"position_x":2254.26635742188,"position_y":-1342.44262695312,"rotation":0,"time":5149,"visible":true},{"position_x":2237.93310546875,"position_y":-1343.07592773438,"rotation":0,"time":5166,"visible":true},{"position_x":2221.59985351562,"position_y":-1342.07592773438,"rotation":0,"time":5183,"visible":true},{"position_x":2205.2666015625,"position_y":-1339.44262695312,"rotation":0,"time":5199,"visible":true},{"position_x":2188.93334960938,"position_y":-1335.17590332031,"rotation":0,"time":5216,"visible":true},{"position_x":2172.60009765625,"position_y":-1329.27587890625,"rotation":0,"time":5233,"visible":true},{"position_x":2156.26684570312,"position_y":-1321.74255371094,"rotation":0,"time":5249,"visible":true},{"position_x":2139.93359375,"position_y":-1312.57592773438,"rotation":0,"time":5266,"visible":true},{"position_x":2123.60034179688,"position_y":-1301.77587890625,"rotation":0,"time":5283,"visible":true},{"position_x":2107.26708984375,"position_y":-1289.34252929688,"rotation":0,"time":5299,"visible":true},{"position_x":2090.93383789062,"position_y":-1275.27587890625,"rotation":0,"time":5316,"visible":true},{"position_x":2074.6005859375,"position_y":-1259.57592773438,"rotation":0,"time":5333,"visible":true},{"position_x":2058.26733398438,"position_y":-1242.24255371094,"rotation":0,"time":5350,"visible":true},{"position_x":2041.93395996094,"position_y":-1223.27587890625,"rotation":0,"time":5366,"visible":true},{"position_x":2025.6005859375,"position_y":-1202.67590332031,"rotation":0,"time":5383,"visible":true},{"position_x":2009.26721191406,"position_y":-1180.44262695312,"rotation":0,"time":5399,"visible":true},{"position_x":1992.93383789062,"position_y":-1156.57592773438,"rotation":0,"time":5416,"visible":true},{"position_x":1976.60046386719,"position_y":-1131.07592773438,"rotation":0,"time":5433,"visible":true},{"position_x":1960.26708984375,"position_y":-1103.94262695312,"rotation":0,"time":5449,"visible":true},{"position_x":1943.93371582031,"position_y":-1075.17590332031,"rotation":0,"time":5466,"visible":true},{"position_x":1927.60034179688,"position_y":-1044.77587890625,"rotation":0,"time":5483,"visible":true},{"position_x":1911.26696777344,"position_y":-1012.74255371094,"rotation":0,"time":5499,"visible":true},{"position_x":1894.93359375,"position_y":-979.075866699219,"rotation":0,"time":5516,"visible":true},{"position_x":1878.60021972656,"position_y":-943.77587890625,"rotation":0,"time":5533,"visible":true},{"position_x":1862.26684570312,"position_y":-906.842529296875,"rotation":0,"time":5549,"visible":true},{"position_x":1845.93347167969,"position_y":-868.27587890625,"rotation":0,"time":5566,"visible":true},{"position_x":1829.60009765625,"position_y":-828.075866699219,"rotation":0,"time":5583,"visible":true},{"position_x":1813.26672363281,"position_y":-816.242553710938,"rotation":0,"time":5599,"visible":true},{"position_x":1796.93334960938,"position_y":-802.77587890625,"rotation":0,"time":5616,"visible":true},{"position_x":1780.59997558594,"position_y":-787.675903320312,"rotation":0,"time":5633,"visible":true},{"position_x":1764.2666015625,"position_y":-770.942565917969,"rotation":0,"time":5649,"visible":true},{"position_x":1747.93322753906,"position_y":-752.575927734375,"rotation":0,"time":5666,"visible":true},{"position_x":1731.59985351562,"position_y":-762.575927734375,"rotation":0,"time":5683,"visible":true},{"position_x":1715.26647949219,"position_y":-770.942565917969,"rotation":0,"time":5699,"visible":true},{"position_x":1698.93310546875,"position_y":-777.675903320312,"rotation":0,"time":5716,"visible":true},{"position_x":1682.59973144531,"position_y":-782.77587890625,"rotation":0,"time":5733,"visible":true},{"position_x":1666.26635742188,"position_y":-786.242553710938,"rotation":0,"time":5749,"visible":true},{"position_x":1649.93298339844,"position_y":-788.075866699219,"rotation":0,"time":5766,"visible":true},{"position_x":1633.599609375,"position_y":-788.27587890625,"rotation":0,"time":5783,"visible":true},{"position_x":1617.26623535156,"position_y":-786.842529296875,"rotation":0,"time":5799,"visible":true},{"position_x":1600.93286132812,"position_y":-783.77587890625,"rotation":0,"time":5816,"visible":true},{"position_x":1584.59948730469,"position_y":-779.075866699219,"rotation":0,"time":5833,"visible":true},{"position_x":1568.26611328125,"position_y":-772.742553710938,"rotation":0,"time":5849,"visible":true},{"position_x":1551.93273925781,"position_y":-764.77587890625,"rotation":0,"time":5866,"visible":true},{"position_x":1535.59936523438,"position_y":-755.175903320312,"rotation":0,"time":5883,"visible":true},{"position_x":1519.26599121094,"position_y":-743.942565917969,"rotation":0,"time":5899,"visible":true},{"position_x":1502.9326171875,"position_y":-731.075927734375,"rotation":0,"time":5916,"visible":true},{"position_x":1486.59924316406,"position_y":-716.575927734375,"rotation":0,"time":5933,"visible":true},{"position_x":1470.26586914062,"position_y":-700.442565917969,"rotation":0,"time":5949,"visible":true},{"position_x":1453.93249511719,"position_y":-682.675903320312,"rotation":0,"time":5966,"visible":true},{"position_x":1437.59912109375,"position_y":-663.27587890625,"rotation":0,"time":5983,"visible":true},{"position_x":1421.26574707031,"position_y":-660.075012207031,"rotation":0,"time":5999,"visible":true},{"position_x":1409.59912109375,"position_y":-660.075012207031,"rotation":0,"time":6016,"visible":true},{"position_x":1397.93249511719,"position_y":-660.075012207031,"rotation":0,"time":6033,"visible":true},{"position_x":1386.26586914062,"position_y":-660.075012207031,"rotation":0,"time":6049,"visible":true},{"position_x":1379.26586914062,"position_y":-660.075012207031,"rotation":0,"time":6066,"visible":true},{"position_x":1370.86584472656,"position_y":-660.075012207031,"rotation":0,"time":6083,"visible":true},{"position_x":1361.06579589844,"position_y":-660.075012207031,"rotation":0,"time":6099,"visible":true},{"position_x":1349.86584472656,"position_y":-660.075012207031,"rotation":0,"time":6116,"visible":true},{"position_x":1338.19921875,"position_y":-660.075012207031,"rotation":0,"time":6133,"visible":true},{"position_x":1326.5322265625,"position_y":-691.742553710938,"rotation":0,"time":6149,"visible":true},{"position_x":1313.46557617188,"position_y":-721.77587890625,"rotation":0,"time":6166,"visible":true},{"position_x":1298.99890136719,"position_y":-750.175903320312,"rotation":0,"time":6183,"visible":true},{"position_x":1283.13220214844,"position_y":-776.942565917969,"rotation":0,"time":6199,"visible":true},{"position_x":1267.26550292969,"position_y":-802.075927734375,"rotation":0,"time":6216,"visible":true},{"position_x":1251.39880371094,"position_y":-825.575927734375,"rotation":0,"time":6233,"visible":true},{"position_x":1235.53210449219,"position_y":-847.442626953125,"rotation":0,"time":6249,"visible":true},{"position_x":1219.66540527344,"position_y":-867.675964355469,"rotation":0,"time":6266,"visible":true},{"position_x":1203.79870605469,"position_y":-886.275939941406,"rotation":0,"time":6283,"visible":true},{"position_x":1187.93200683594,"position_y":-903.242614746094,"rotation":0,"time":6299,"visible":true},{"position_x":1172.06530761719,"position_y":-918.575927734375,"rotation":0,"time":6316,"visible":true},{"position_x":1156.19860839844,"position_y":-932.275939941406,"rotation":0,"time":6333,"visible":true},{"position_x":1140.33190917969,"position_y":-944.342590332031,"rotation":0,"time":6349,"visible":true},{"position_x":1124.46520996094,"position_y":-954.775939941406,"rotation":0,"time":6366,"visible":true},{"position_x":1108.59851074219,"position_y":-963.575927734375,"rotation":0,"time":6383,"visible":true},{"position_x":1092.73181152344,"position_y":-970.742614746094,"rotation":0,"time":6399,"visible":true},{"position_x":1076.86511230469,"position_y":-976.275939941406,"rotation":0,"time":6416,"visible":true},{"position_x":1060.99841308594,"position_y":-980.175964355469,"rotation":0,"time":6433,"visible":true},{"position_x":1045.13171386719,"position_y":-982.442626953125,"rotation":0,"time":6449,"visible":true},{"position_x":1029.26501464844,"position_y":-983.075988769531,"rotation":0,"time":6466,"visible":true},{"position_x":1013.39837646484,"position_y":-982.075988769531,"rotation":0,"time":6483,"visible":true},{"position_x":997.53173828125,"position_y":-979.442626953125,"rotation":0,"time":6499,"visible":true},{"position_x":981.665100097656,"position_y":-975.175964355469,"rotation":0,"time":6516,"visible":true},{"position_x":965.798461914062,"position_y":-969.275939941406,"rotation":0,"time":6533,"visible":true},{"position_x":949.931823730469,"position_y":-961.742614746094,"rotation":0,"time":6549,"visible":true},{"position_x":934.065185546875,"position_y":-952.575927734375,"rotation":0,"time":6566,"visible":true},{"position_x":918.198547363281,"position_y":-941.775939941406,"rotation":0,"time":6583,"visible":true},{"position_x":902.331909179688,"position_y":-929.342590332031,"rotation":0,"time":6599,"visible":true},{"position_x":886.465270996094,"position_y":-915.275939941406,"rotation":0,"time":6616,"visible":true},{"position_x":870.598571777344,"position_y":-900.074768066406,"rotation":0,"time":6633,"visible":true},{"position_x":858.931518554688,"position_y":-931.742492675781,"rotation":0,"time":6649,"visible":true},{"position_x":845.864868164062,"position_y":-961.775817871094,"rotation":0,"time":6666,"visible":true},{"position_x":831.398193359375,"position_y":-990.175842285156,"rotation":0,"time":6683,"visible":true},{"position_x":815.531494140625,"position_y":-1016.94250488281,"rotation":0,"time":6699,"visible":true},{"position_x":799.664794921875,"position_y":-1042.07580566406,"rotation":0,"time":6716,"visible":true},{"position_x":783.798156738281,"position_y":-1065.57580566406,"rotation":0,"time":6732,"visible":true},{"position_x":767.931518554688,"position_y":-1087.44250488281,"rotation":0,"time":6749,"visible":true},{"position_x":752.064880371094,"position_y":-1107.67578125,"rotation":0,"time":6766,"visible":true},{"position_x":736.1982421875,"position_y":-1126.27575683594,"rotation":0,"time":6783,"visible":true},{"position_x":720.331604003906,"position_y":-1143.24243164062,"rotation":0,"time":6799,"visible":true},{"position_x":704.464965820312,"position_y":-1158.57580566406,"rotation":0,"time":6816,"visible":true},{"position_x":688.598266601562,"position_y":-1172.27575683594,"rotation":0,"time":6832,"visible":true},{"position_x":672.731628417969,"position_y":-1184.34240722656,"rotation":0,"time":6849,"visible":true},{"position_x":656.864990234375,"position_y":-1194.77575683594,"rotation":0,"time":6866,"visible":true},{"position_x":640.998291015625,"position_y":-1203.57580566406,"rotation":0,"time":6883,"visible":true},{"position_x":625.131591796875,"position_y":-1210.74243164062,"rotation":0,"time":6899,"visible":true},{"position_x":609.264953613281,"position_y":-1216.27575683594,"rotation":0,"time":6916,"visible":true},{"position_x":593.398315429688,"position_y":-1220.17578125,"rotation":0,"time":6933,"visible":true},{"position_x":577.531616210938,"position_y":-1222.44250488281,"rotation":0,"time":6949,"visible":true},{"position_x":561.664978027344,"position_y":-1223.07580566406,"rotation":0,"time":6966,"visible":true},{"position_x":545.79833984375,"position_y":-1222.07580566406,"rotation":0,"time":6983,"visible":true},{"position_x":529.931701660156,"position_y":-1219.44250488281,"rotation":0,"time":6999,"visible":true},{"position_x":514.065063476562,"position_y":-1215.17578125,"rotation":0,"time":7016,"visible":true},{"position_x":498.198394775391,"position_y":-1209.27575683594,"rotation":0,"time":7033,"visible":true},{"position_x":482.331726074219,"position_y":-1201.74243164062,"rotation":0,"time":7049,"visible":true},{"position_x":466.465057373047,"position_y":-1192.57580566406,"rotation":0,"time":7066,"visible":true},{"position_x":450.598388671875,"position_y":-1181.77575683594,"rotation":0,"time":7083,"visible":true},{"position_x":434.731719970703,"position_y":-1169.34240722656,"rotation":0,"time":7099,"visible":true},{"position_x":418.865051269531,"position_y":-1155.27575683594,"rotation":0,"time":7116,"visible":true},{"position_x":402.998382568359,"position_y":-1139.57580566406,"rotation":0,"time":7133,"visible":true},{"position_x":387.131713867188,"position_y":-1122.24243164062,"rotation":0,"time":7149,"visible":true},{"position_x":371.265045166016,"position_y":-1103.27575683594,"rotation":0,"time":7166,"visible":true},{"position_x":355.398376464844,"position_y":-1082.67578125,"rotation":0,"time":7183,"visible":true},{"position_x":339.531707763672,"position_y":-1060.44250488281,"rotation":0,"time":7199,"visible":true},{"position_x":323.6650390625,"position_y":-1036.57580566406,"rotation":0,"time":7216,"visible":true},{"position_x":307.798370361328,"position_y":-1011.07580566406,"rotation":0,"time":7232,"visible":true},{"position_x":291.931701660156,"position_y":-983.942443847656,"rotation":0,"time":7249,"visible":true},{"position_x":276.065032958984,"position_y":-955.17578125,"rotation":0,"time":7266,"visible":true},{"position_x":260.198364257812,"position_y":-924.775756835938,"rotation":0,"time":7283,"visible":true},{"position_x":244.331695556641,"position_y":-892.742431640625,"rotation":0,"time":7299,"visible":true},{"position_x":228.465026855469,"position_y":-859.075744628906,"rotation":0,"time":7316,"visible":true},{"position_x":212.598358154297,"position_y":-823.775756835938,"rotation":0,"time":7333,"visible":true},{"position_x":196.731689453125,"position_y":-786.842407226562,"rotation":0,"time":7349,"visible":true},{"position_x":180.865020751953,"position_y":-748.275756835938,"rotation":0,"time":7366,"visible":true},{"position_x":169.198348999023,"position_y":-708.075744628906,"rotation":0,"time":7383,"visible":true},{"position_x":161.731674194336,"position_y":-666.242431640625,"rotation":0,"time":7399,"visible":true},{"position_x":158.46501159668,"position_y":-622.775756835938,"rotation":0,"time":7416,"visible":true},{"position_x":159.398345947266,"position_y":-577.67578125,"rotation":0,"time":7433,"visible":true},{"position_x":161.731674194336,"position_y":-530.942443847656,"rotation":0,"time":7449,"visible":true},{"position_x":165.46501159668,"position_y":-482.575775146484,"rotation":0,"time":7466,"visible":true},{"position_x":170.598342895508,"position_y":-432.575775146484,"rotation":0,"time":7483,"visible":true},{"position_x":175.731674194336,"position_y":-420.074768066406,"rotation":0,"time":7499,"visible":true},{"position_x":178.811676025391,"position_y":-420.074768066406,"rotation":0,"time":7516,"visible":true}]