[{"position_x":-300,"position_y":300,"rotation":0,"time":0,"visible":true},{"position_x":-300,"position_y":300,"rotation":0,"time":0,"visible":true},{"position_x":-300,"position_y":300,"rotation":0,"time":0,"visible":true},{"position_x":-300,"position_y":300,"rotation":0,"time":0,"visible":true},{"position_x":-300,"position_y":300,"rotation":0,"time":0,"visible":true},{"position_x":-300,"position_y":300,"rotation":0,"time":0,"visible":true},{"position_x":-300,"position_y":300,"rotation":0,"time":0,"visible":true},{"position_x":-300,"position_y":300,"rotation":0,"time":0,"visible":true},{"position_x":-300,"position_y":300,"rotation":0,"time":0,"visible":true},{"position_x":-300,"position_y":300,"rotation":0,"time":0,"visible":true},{"position_x":-300,"position_y":268.258636474609,"rotation":0,"time":0,"visible":true},{"position_x":-300,"position_y":238.225296020508,"rotation":0,"time":16,"visible":true},{"position_x":-300,"position_y":209.825286865234,"rotation":0,"time":33,"visible":true},{"position_x":-298.600006103516,"position_y":183.058624267578,"rotation":0,"time":49,"visible":true},{"position_x":-295.800018310547,"position_y":157.92529296875,"rotation":0,"time":66,"visible":true},{"position_x":-291.600006103516,"position_y":134.42529296875,"rotation":0,"time":83,"visible":true},{"position_x":-286,"position_y":112.558624267578,"rotation":0,"time":99,"visible":true},{"position_x":-279,"position_y":92.3252868652344,"rotation":0,"time":116,"visible":true},{"position_x":-270.600006103516,"position_y":73.7252883911133,"rotation":0,"time":133,"visible":true},{"position_x":-260.800018310547,"position_y":56.7586212158203,"rotation":0,"time":149,"visible":true},{"position_x":-249.600021362305,"position_y":41.4252853393555,"rotation":0,"time":166,"visible":true},{"position_x":-237.000015258789,"position_y":27.7252807617188,"rotation":0,"time":183,"visible":true},{"position_x":-223.000015258789,"position_y":15.6586132049561,"rotation":0,"time":199,"visible":true},{"position_x":-207.600021362305,"position_y":5.22527980804443,"rotation":0,"time":216,"visible":true},{"position_x":-192.20002746582,"position_y":-3.57471942901611,"rotation":0,"time":233,"visible":true},{"position_x":-176.800018310547,"position_y":-10.7413883209229,"rotation":0,"time":249,"visible":true},{"position_x":-161.400024414062,"position_y":-16.2747211456299,"rotation":0,"time":266,"visible":true},{"position_x":-146.000030517578,"position_y":-20.1747207641602,"rotation":0,"time":283,"visible":true},{"position_x":-130.600036621094,"position_y":-22.4413871765137,"rotation":0,"time":300,"visible":true},{"position_x":-115.200035095215,"position_y":-23.0747203826904,"rotation":0,"time":316,"visible":true},{"position_x":-99.8000335693359,"position_y":-22.0747203826904,"rotation":0,"time":333,"visible":true},{"position_x":-84.400032043457,"position_y":-19.4413871765137,"rotation":0,"time":349,"visible":true},{"position_x":-69.0000305175781,"position_y":-15.1747207641602,"rotation":0,"time":366,"visible":true},{"position_x":-53.6000328063965,"position_y":-9.27472114562988,"rotation":0,"time":383,"visible":true},{"position_x":-38.2000312805176,"position_y":-1.74138736724854,"rotation":0,"time":399,"visible":true},{"position_x":-22.8000297546387,"position_y":7.42527961730957,"rotation":0,"time":416,"visible":true},{"position_x":-7.40002822875977,"position_y":18.2252807617188,"rotation":0,"time":433,"visible":true},{"position_x":7.99997425079346,"position_y":30.6586151123047,"rotation":0,"time":449,"visible":true},{"position_x":23.3999729156494,"position_y":44.7252807617188,"rotation":0,"time":466,"visible":true},{"position_x":38.7999725341797,"position_y":60.4252815246582,"rotation":0,"time":483,"visible":true},{"position_x":54.1999740600586,"position_y":77.7586135864258,"rotation":0,"time":499,"visible":true},{"position_x":69.5999755859375,"position_y":96.7252807617188,"rotation":0,"time":516,"visible":true},{"position_x":84.9999771118164,"position_y":117.32527923584,"rotation":0,"time":533,"visible":true},{"position_x":100.399978637695,"position_y":139.558609008789,"rotation":0,"time":549,"visible":true},{"position_x":115.799980163574,"position_y":163.425277709961,"rotation":0,"time":566,"visible":true},{"position_x":131.199981689453,"position_y":179.925262451172,"rotation":0,"time":583,"visible":true},{"position_x":142.867050170898,"position_y":148.257507324219,"rotation":0,"time":599,"visible":true},{"position_x":155.933715820312,"position_y":118.224166870117,"rotation":0,"time":616,"visible":true},{"position_x":170.400390625,"position_y":89.8241577148438,"rotation":0,"time":633,"visible":true},{"position_x":180.925262451172,"position_y":63.0574913024902,"rotation":0,"time":649,"visible":true},{"position_x":180.92529296875,"position_y":39.6834869384766,"rotation":0,"time":666,"visible":true},{"position_x":182.325286865234,"position_y":19.4646682739258,"rotation":0,"time":683,"visible":true},{"position_x":185.125289916992,"position_y":0.879180908203125,"rotation":0,"time":700,"visible":true},{"position_x":189.325286865234,"position_y":-16.0729751586914,"rotation":0,"time":716,"visible":true},{"position_x":194.92529296875,"position_y":-31.3917961120605,"rotation":0,"time":733,"visible":true},{"position_x":201.92529296875,"position_y":-45.0772857666016,"rotation":0,"time":749,"visible":true},{"position_x":210.325286865234,"position_y":-57.1294403076172,"rotation":0,"time":766,"visible":true},{"position_x":220.125289916992,"position_y":-67.5482559204102,"rotation":0,"time":783,"visible":true},{"position_x":231.325286865234,"position_y":-76.333740234375,"rotation":0,"time":800,"visible":true},{"position_x":243.92529296875,"position_y":-83.4858932495117,"rotation":0,"time":816,"visible":true},{"position_x":257.92529296875,"position_y":-89.0047149658203,"rotation":0,"time":833,"visible":true},{"position_x":273.325286865234,"position_y":-92.8901977539062,"rotation":0,"time":849,"visible":true},{"position_x":288.725280761719,"position_y":-95.1423492431641,"rotation":0,"time":866,"visible":true},{"position_x":304.125274658203,"position_y":-95.7611694335938,"rotation":0,"time":883,"visible":true},{"position_x":319.525268554688,"position_y":-94.7466583251953,"rotation":0,"time":899,"visible":true},{"position_x":334.925262451172,"position_y":-92.0988082885742,"rotation":0,"time":916,"visible":true},{"position_x":350.325256347656,"position_y":-87.817626953125,"rotation":0,"time":933,"visible":true},{"position_x":365.725250244141,"position_y":-81.9031143188477,"rotation":0,"time":949,"visible":true},{"position_x":381.125244140625,"position_y":-74.3552703857422,"rotation":0,"time":966,"visible":true},{"position_x":396.525238037109,"position_y":-65.1740875244141,"rotation":0,"time":983,"visible":true},{"position_x":411.925231933594,"position_y":-54.3595733642578,"rotation":0,"time":1000,"visible":true},{"position_x":427.325225830078,"position_y":-41.9117240905762,"rotation":0,"time":1016,"visible":true},{"position_x":442.725219726562,"position_y":-27.8305435180664,"rotation":0,"time":1033,"visible":true},{"position_x":458.125213623047,"position_y":-12.1160287857056,"rotation":0,"time":1049,"visible":true},{"position_x":473.525207519531,"position_y":5.23181819915771,"rotation":0,"time":1066,"visible":true},{"position_x":488.925201416016,"position_y":24.2130012512207,"rotation":0,"time":1083,"visible":true},{"position_x":504.3251953125,"position_y":44.8275146484375,"rotation":0,"time":1100,"visible":true},{"position_x":519.725158691406,"position_y":59.9251708984375,"rotation":0,"time":1116,"visible":true},{"position_x":531.392211914062,"position_y":28.2574901580811,"rotation":0,"time":1133,"visible":true},{"position_x":544.458862304688,"position_y":-1.77584838867188,"rotation":0,"time":1150,"visible":true},{"position_x":558.925537109375,"position_y":-30.175853729248,"rotation":0,"time":1166,"visible":true},{"position_x":574.792236328125,"position_y":-56.9425239562988,"rotation":0,"time":1183,"visible":true},{"position_x":590.658935546875,"position_y":-82.0758666992188,"rotation":0,"time":1199,"visible":true},{"position_x":606.525573730469,"position_y":-105.575866699219,"rotation":0,"time":1216,"visible":true},{"position_x":622.392211914062,"position_y":-127.442535400391,"rotation":0,"time":1233,"visible":true},{"position_x":638.258850097656,"position_y":-147.675872802734,"rotation":0,"time":1249,"visible":true},{"position_x":654.12548828125,"position_y":-166.27587890625,"rotation":0,"time":1266,"visible":true},{"position_x":669.992126464844,"position_y":-183.242553710938,"rotation":0,"time":1283,"visible":true},{"position_x":685.858764648438,"position_y":-198.575881958008,"rotation":0,"time":1299,"visible":true},{"position_x":701.725463867188,"position_y":-212.27587890625,"rotation":0,"time":1316,"visible":true},{"position_x":717.592102050781,"position_y":-224.342544555664,"rotation":0,"time":1333,"visible":true},{"position_x":733.458740234375,"position_y":-234.77587890625,"rotation":0,"time":1350,"visible":true},{"position_x":749.325439453125,"position_y":-243.575881958008,"rotation":0,"time":1366,"visible":true},{"position_x":765.192138671875,"position_y":-250.742553710938,"rotation":0,"time":1383,"visible":true},{"position_x":781.058776855469,"position_y":-256.27587890625,"rotation":0,"time":1399,"visible":true},{"position_x":796.925415039062,"position_y":-260.175872802734,"rotation":0,"time":1416,"visible":true},{"position_x":812.792114257812,"position_y":-262.442535400391,"rotation":0,"time":1433,"visible":true},{"position_x":828.658752441406,"position_y":-263.075866699219,"rotation":0,"time":1449,"visible":true},{"position_x":844.525390625,"position_y":-262.075866699219,"rotation":0,"time":1466,"visible":true},{"position_x":860.392028808594,"position_y":-259.442535400391,"rotation":0,"time":1483,"visible":true},{"position_x":876.258666992188,"position_y":-255.175872802734,"rotation":0,"time":1499,"visible":true},{"position_x":892.125305175781,"position_y":-249.27587890625,"rotation":0,"time":1516,"visible":true},{"position_x":907.991943359375,"position_y":-241.742538452148,"rotation":0,"time":1533,"visible":true},{"position_x":923.858581542969,"position_y":-232.575866699219,"rotation":0,"time":1549,"visible":true},{"position_x":939.725219726562,"position_y":-221.775863647461,"rotation":0,"time":1566,"visible":true},{"position_x":955.591857910156,"position_y":-209.342529296875,"rotation":0,"time":1583,"visible":true},{"position_x":971.45849609375,"position_y":-195.275863647461,"rotation":0,"time":1599,"visible":true},{"position_x":987.3251953125,"position_y":-179.575866699219,"rotation":0,"time":1616,"visible":true},{"position_x":1003.19183349609,"position_y":-162.242538452148,"rotation":0,"time":1633,"visible":true},{"position_x":1019.05847167969,"position_y":-143.27587890625,"rotation":0,"time":1649,"visible":true},{"position_x":1034.92517089844,"position_y":-122.675880432129,"rotation":0,"time":1666,"visible":true},{"position_x":1050.79187011719,"position_y":-100.44255065918,"rotation":0,"time":1683,"visible":true},{"position_x":1066.65856933594,"position_y":-76.5758819580078,"rotation":0,"time":1699,"visible":true},{"position_x":1082.52526855469,"position_y":-51.0758819580078,"rotation":0,"time":1716,"visible":true},{"position_x":1098.39196777344,"position_y":-23.9425449371338,"rotation":0,"time":1733,"visible":true},{"position_x":1114.25866699219,"position_y":4.82412338256836,"rotation":0,"time":1749,"visible":true},{"position_x":1130.12536621094,"position_y":35.2241287231445,"rotation":0,"time":1766,"visible":true},{"position_x":1145.99206542969,"position_y":59.9252090454102,"rotation":0,"time":1783,"visible":true},{"position_x":1157.6591796875,"position_y":28.2574901580811,"rotation":0,"time":1799,"visible":true},{"position_x":1170.72583007812,"position_y":-1.77584838867188,"rotation":0,"time":1816,"visible":true},{"position_x":1185.19250488281,"position_y":-30.175853729248,"rotation":0,"time":1833,"visible":true},{"position_x":1201.05920410156,"position_y":-56.9425239562988,"rotation":0,"time":1849,"visible":true},{"position_x":1216.92590332031,"position_y":-82.0758666992188,"rotation":0,"time":1866,"visible":true},{"position_x":1232.79260253906,"position_y":-105.575866699219,"rotation":0,"time":1883,"visible":true},{"position_x":1248.65930175781,"position_y":-127.442535400391,"rotation":0,"time":1899,"visible":true},{"position_x":1264.52600097656,"position_y":-147.675872802734,"rotation":0,"time":1916,"visible":true},{"position_x":1280.39270019531,"position_y":-166.27587890625,"rotation":0,"time":1933,"visible":true},{"position_x":1296.25939941406,"position_y":-183.242553710938,"rotation":0,"time":1949,"visible":true},{"position_x":1312.12609863281,"position_y":-198.575881958008,"rotation":0,"time":1966,"visible":true},{"position_x":1327.99279785156,"position_y":-212.27587890625,"rotation":0,"time":1983,"visible":true},{"position_x":1343.85949707031,"position_y":-224.342544555664,"rotation":0,"time":1999,"visible":true},{"position_x":1359.72619628906,"position_y":-234.77587890625,"rotation":0,"time":2016,"visible":true},{"position_x":1375.59289550781,"position_y":-243.575881958008,"rotation":0,"time":2033,"visible":true},{"position_x":1391.45959472656,"position_y":-250.742553710938,"rotation":0,"time":2049,"visible":true},{"position_x":1407.32629394531,"position_y":-256.27587890625,"rotation":0,"time":2066,"visible":true},{"position_x":1423.19299316406,"position_y":-260.175872802734,"rotation":0,"time":2083,"visible":true},{"position_x":1439.05969238281,"position_y":-262.442535400391,"rotation":0,"time":2099,"visible":true},{"position_x":1454.92639160156,"position_y":-263.075866699219,"rotation":0,"time":2116,"visible":true},{"position_x":1470.79309082031,"position_y":-262.075866699219,"rotation":0,"time":2133,"visible":true},{"position_x":1486.65979003906,"position_y":-259.442535400391,"rotation":0,"time":2149,"visible":true},{"position_x":1502.52648925781,"position_y":-255.175872802734,"rotation":0,"time":2166,"visible":true},{"position_x":1518.39318847656,"position_y":-249.27587890625,"rotation":0,"time":2183,"visible":true},{"position_x":1534.25988769531,"position_y":-241.742538452148,"rotation":0,"time":2199,"visible":true},{"position_x":1550.12658691406,"position_y":-232.575866699219,"rotation":0,"time":2216,"visible":true},{"position_x":1565.99328613281,"position_y":-221.775863647461,"rotation":0,"time":2233,"visible":true},{"position_x":1581.85998535156,"position_y":-209.342529296875,"rotation":0,"time":2249,"visible":true},{"position_x":1597.72668457031,"position_y":-195.275863647461,"rotation":0,"time":2266,"visible":true},{"position_x":1613.59338378906,"position_y":-179.575866699219,"rotation":0,"time":2283,"visible":true},{"position_x":1629.46008300781,"position_y":-162.242538452148,"rotation":0,"time":2300,"visible":true},{"position_x":1645.32678222656,"position_y":-143.27587890625,"rotation":0,"time":2316,"visible":true},{"position_x":1661.19348144531,"position_y":-122.675880432129,"rotation":0,"time":2333,"visible":true},{"position_x":1677.06018066406,"position_y":-100.44255065918,"rotation":0,"time":2349,"visible":true},{"position_x":1692.92687988281,"position_y":-76.5758819580078,"rotation":0,"time":2366,"visible":true},{"position_x":1708.79357910156,"position_y":-51.0758819580078,"rotation":0,"time":2383,"visible":true},{"position_x":1724.66027832031,"position_y":-23.9425449371338,"rotation":0,"time":2399,"visible":true},{"position_x":1740.52697753906,"position_y":4.82412338256836,"rotation":0,"time":2416,"visible":true},{"position_x":1756.39367675781,"position_y":35.2241287231445,"rotation":0,"time":2432,"visible":true},{"position_x":1772.26037597656,"position_y":59.9252090454102,"rotation":0,"time":2450,"visible":true},{"position_x":1783.92749023438,"position_y":28.2574901580811,"rotation":0,"time":2466,"visible":true},{"position_x":1796.994140625,"position_y":-1.77584838867188,"rotation":0,"time":2483,"visible":true},{"position_x":1811.46081542969,"position_y":-30.175853729248,"rotation":0,"time":2499,"visible":true},{"position_x":1827.32751464844,"position_y":-56.9425239562988,"rotation":0,"time":2516,"visible":true},{"position_x":1843.19421386719,"position_y":-82.0758666992188,"rotation":0,"time":2533,"visible":true},{"position_x":1859.06091308594,"position_y":-105.575866699219,"rotation":0,"time":2549,"visible":true},{"position_x":1874.92761230469,"position_y":-127.442535400391,"rotation":0,"time":2566,"visible":true},{"position_x":1890.79431152344,"position_y":-147.675872802734,"rotation":0,"time":2583,"visible":true},{"position_x":1906.66101074219,"position_y":-166.27587890625,"rotation":0,"time":2600,"visible":true},{"position_x":1922.52770996094,"position_y":-183.242553710938,"rotation":0,"time":2616,"visible":true},{"position_x":1938.39440917969,"position_y":-198.575881958008,"rotation":0,"time":2633,"visible":true},{"position_x":1954.26110839844,"position_y":-212.27587890625,"rotation":0,"time":2649,"visible":true},{"position_x":1970.12780761719,"position_y":-224.342544555664,"rotation":0,"time":2666,"visible":true},{"position_x":1985.99450683594,"position_y":-234.77587890625,"rotation":0,"time":2683,"visible":true},{"position_x":2001.86120605469,"position_y":-243.575881958008,"rotation":0,"time":2699,"visible":true},{"position_x":2017.72790527344,"position_y":-250.742553710938,"rotation":0,"time":2716,"visible":true},{"position_x":2033.59460449219,"position_y":-256.27587890625,"rotation":0,"time":2733,"visible":true},{"position_x":2049.46118164062,"position_y":-260.175872802734,"rotation":0,"time":2750,"visible":true},{"position_x":2065.32788085938,"position_y":-262.442535400391,"rotation":0,"time":2766,"visible":true},{"position_x":2081.19458007812,"position_y":-263.075866699219,"rotation":0,"time":2783,"visible":true},{"position_x":2097.06127929688,"position_y":-262.075866699219,"rotation":0,"time":2799,"visible":true},{"position_x":2112.92797851562,"position_y":-259.442535400391,"rotation":0,"time":2816,"visible":true},{"position_x":2128.79467773438,"position_y":-255.175872802734,"rotation":0,"time":2833,"visible":true},{"position_x":2144.66137695312,"position_y":-249.27587890625,"rotation":0,"time":2849,"visible":true},{"position_x":2160.52807617188,"position_y":-241.742538452148,"rotation":0,"time":2866,"visible":true},{"position_x":2176.39477539062,"position_y":-232.575866699219,"rotation":0,"time":2883,"visible":true},{"position_x":2192.26147460938,"position_y":-221.775863647461,"rotation":0,"time":2900,"visible":true},{"position_x":2208.12817382812,"position_y":-209.342529296875,"rotation":0,"time":2916,"visible":true},{"position_x":2223.99487304688,"position_y":-195.275863647461,"rotation":0,"time":2933,"visible":true},{"position_x":2239.86157226562,"position_y":-179.575866699219,"rotation":0,"time":2949,"visible":true},{"position_x":2255.72827148438,"position_y":-162.242538452148,"rotation":0,"time":2966,"visible":true},{"position_x":2271.59497070312,"position_y":-143.27587890625,"rotation":0,"time":2983,"visible":true},{"position_x":2287.46166992188,"position_y":-122.675880432129,"rotation":0,"time":2999,"visible":true},{"position_x":2303.32836914062,"position_y":-100.44255065918,"rotation":0,"time":3016,"visible":true},{"position_x":2319.19506835938,"position_y":-76.5758819580078,"rotation":0,"time":3033,"visible":true},{"position_x":2335.06176757812,"position_y":-51.0758819580078,"rotation":0,"time":3049,"visible":true},{"position_x":2350.92846679688,"position_y":-23.9425449371338,"rotation":0,"time":3066,"visible":true},{"position_x":2366.79516601562,"position_y":4.82412338256836,"rotation":0,"time":3083,"visible":true},{"position_x":2382.66186523438,"position_y":35.2241287231445,"rotation":0,"time":3099,"visible":true},{"position_x":2398.52856445312,"position_y":59.9252090454102,"rotation":0,"time":3116,"visible":true},{"position_x":2410.19555664062,"position_y":28.2574901580811,"rotation":0,"time":3133,"visible":true},{"position_x":2423.26220703125,"position_y":-1.77584838867188,"rotation":0,"time":3149,"visible":true},{"position_x":2437.72875976562,"position_y":-30.175853729248,"rotation":0,"time":3166,"visible":true},{"position_x":2453.59545898438,"position_y":-56.9425239562988,"rotation":0,"time":3183,"visible":true},{"position_x":2469.46215820312,"position_y":-82.0758666992188,"rotation":0,"time":3200,"visible":true},{"position_x":2485.32885742188,"position_y":-105.575866699219,"rotation":0,"time":3216,"visible":true},{"position_x":2501.19555664062,"position_y":-127.442535400391,"rotation":0,"time":3233,"visible":true},{"position_x":2517.06225585938,"position_y":-147.675872802734,"rotation":0,"time":3249,"visible":true},{"position_x":2532.92895507812,"position_y":-166.27587890625,"rotation":0,"time":3266,"visible":true},{"position_x":2548.79565429688,"position_y":-183.242553710938,"rotation":0,"time":3283,"visible":true},{"position_x":2564.66235351562,"position_y":-198.575881958008,"rotation":0,"time":3299,"visible":true},{"position_x":2580.52905273438,"position_y":-212.27587890625,"rotation":0,"time":3316,"visible":true},{"position_x":2596.39575195312,"position_y":-224.342544555664,"rotation":0,"time":3333,"visible":true},{"position_x":2612.26245117188,"position_y":-234.77587890625,"rotation":0,"time":3350,"visible":true},{"position_x":2628.12915039062,"position_y":-243.575881958008,"rotation":0,"time":3366,"visible":true},{"position_x":2643.99584960938,"position_y":-250.742553710938,"rotation":0,"time":3383,"visible":true},{"position_x":2659.86254882812,"position_y":-256.27587890625,"rotation":0,"time":3399,"visible":true},{"position_x":2675.72924804688,"position_y":-260.175872802734,"rotation":0,"time":3416,"visible":true},{"position_x":2691.59594726562,"position_y":-262.442535400391,"rotation":0,"time":3433,"visible":true},{"position_x":2707.46264648438,"position_y":-263.075866699219,"rotation":0,"time":3449,"visible":true},{"position_x":2723.32934570312,"position_y":-262.075866699219,"rotation":0,"time":3466,"visible":true},{"position_x":2739.19604492188,"position_y":-259.442535400391,"rotation":0,"time":3483,"visible":true},{"position_x":2755.06274414062,"position_y":-255.175872802734,"rotation":0,"time":3499,"visible":true},{"position_x":2770.92944335938,"position_y":-249.27587890625,"rotation":0,"time":3516,"visible":true},{"position_x":2786.79614257812,"position_y":-241.742538452148,"rotation":0,"time":3533,"visible":true},{"position_x":2802.66284179688,"position_y":-232.575866699219,"rotation":0,"time":3549,"visible":true},{"position_x":2818.52954101562,"position_y":-221.775863647461,"rotation":0,"time":3566,"visible":true},{"position_x":2834.39624023438,"position_y":-209.342529296875,"rotation":0,"time":3583,"visible":true},{"position_x":2850.26293945312,"position_y":-195.275863647461,"rotation":0,"time":3599,"visible":true},{"position_x":2866.12963867188,"position_y":-179.575866699219,"rotation":0,"time":3616,"visible":true},{"position_x":2881.99633789062,"position_y":-162.242538452148,"rotation":0,"time":3633,"visible":true},{"position_x":2897.86303710938,"position_y":-143.27587890625,"rotation":0,"time":3650,"visible":true},{"position_x":2913.72973632812,"position_y":-122.675880432129,"rotation":0,"time":3666,"visible":true},{"position_x":2929.59643554688,"position_y":-100.44255065918,"rotation":0,"time":3683,"visible":true},{"position_x":2945.46313476562,"position_y":-76.5758819580078,"rotation":0,"time":3699,"visible":true},{"position_x":2961.32983398438,"position_y":-60.0747413635254,"rotation":0,"time":3716,"visible":true},{"position_x":2972.99682617188,"position_y":-91.7424926757812,"rotation":0,"time":3733,"visible":true},{"position_x":2986.0634765625,"position_y":-121.775833129883,"rotation":0,"time":3749,"visible":true},{"position_x":3000.53002929688,"position_y":-150.175842285156,"rotation":0,"time":3766,"visible":true},{"position_x":3016.39672851562,"position_y":-176.942504882812,"rotation":0,"time":3783,"visible":true},{"position_x":3032.26342773438,"position_y":-202.075836181641,"rotation":0,"time":3799,"visible":true},{"position_x":3048.13012695312,"position_y":-225.575836181641,"rotation":0,"time":3816,"visible":true},{"position_x":3063.99682617188,"position_y":-247.442504882812,"rotation":0,"time":3833,"visible":true},{"position_x":3079.86352539062,"position_y":-267.675842285156,"rotation":0,"time":3849,"visible":true},{"position_x":3095.73022460938,"position_y":-286.275848388672,"rotation":0,"time":3866,"visible":true},{"position_x":3111.59692382812,"position_y":-303.242523193359,"rotation":0,"time":3883,"visible":true},{"position_x":3127.46362304688,"position_y":-318.575866699219,"rotation":0,"time":3899,"visible":true},{"position_x":3143.33032226562,"position_y":-332.27587890625,"rotation":0,"time":3916,"visible":true},{"position_x":3159.19702148438,"position_y":-344.342559814453,"rotation":0,"time":3932,"visible":true},{"position_x":3175.06372070312,"position_y":-354.77587890625,"rotation":0,"time":3949,"visible":true},{"position_x":3190.93041992188,"position_y":-363.575866699219,"rotation":0,"time":3968,"visible":true},{"position_x":3206.79711914062,"position_y":-370.742523193359,"rotation":0,"time":3983,"visible":true},{"position_x":3218.4638671875,"position_y":-376.275848388672,"rotation":0,"time":4000,"visible":true},{"position_x":3225.93041992188,"position_y":-380.175842285156,"rotation":0,"time":4016,"visible":true},{"position_x":3229.19702148438,"position_y":-382.442504882812,"rotation":0,"time":4033,"visible":true},{"position_x":3228.263671875,"position_y":-383.075836181641,"rotation":0,"time":4049,"visible":true},{"position_x":3225.93041992188,"position_y":-382.075836181641,"rotation":0,"time":4066,"visible":true},{"position_x":3222.19702148438,"position_y":-379.442504882812,"rotation":0,"time":4082,"visible":true},{"position_x":3217.06372070312,"position_y":-375.175842285156,"rotation":0,"time":4099,"visible":true},{"position_x":3211.93041992188,"position_y":-369.275848388672,"rotation":0,"time":4116,"visible":true},{"position_x":3206.79711914062,"position_y":-361.742523193359,"rotation":0,"time":4133,"visible":true},{"position_x":3201.66381835938,"position_y":-352.575866699219,"rotation":0,"time":4149,"visible":true},{"position_x":3196.53051757812,"position_y":-341.77587890625,"rotation":0,"time":4166,"visible":true},{"position_x":3191.39721679688,"position_y":-329.342559814453,"rotation":0,"time":4183,"visible":true},{"position_x":3186.26391601562,"position_y":-315.27587890625,"rotation":0,"time":4199,"visible":true},{"position_x":3181.13061523438,"position_y":-299.575866699219,"rotation":0,"time":4216,"visible":true},{"position_x":3175.99731445312,"position_y":-282.242523193359,"rotation":0,"time":4232,"visible":true},{"position_x":3170.86401367188,"position_y":-263.275848388672,"rotation":0,"time":4249,"visible":true},{"position_x":3165.73071289062,"position_y":-242.675842285156,"rotation":0,"time":4266,"visible":true},{"position_x":3160.59741210938,"position_y":-220.442504882812,"rotation":0,"time":4283,"visible":true},{"position_x":3155.46411132812,"position_y":-196.575836181641,"rotation":0,"time":4299,"visible":true},{"position_x":3150.33081054688,"position_y":-180.074737548828,"rotation":0,"time":4316,"visible":true},{"position_x":3147.25073242188,"position_y":-180.074737548828,"rotation":0,"time":4333,"visible":true}]