[{"position_x":-298.599975585938,"position_y":59.9252395629883,"rotation":0,"time":0,"visible":true},{"position_x":-295.799987792969,"position_y":59.9252395629883,"rotation":0,"time":17,"visible":true},{"position_x":-291.599975585938,"position_y":59.9252395629883,"rotation":0,"time":34,"visible":true},{"position_x":-285.999969482422,"position_y":59.9252395629883,"rotation":0,"time":50,"visible":true},{"position_x":-278.999969482422,"position_y":59.9252395629883,"rotation":0,"time":67,"visible":true},{"position_x":-270.599975585938,"position_y":59.9252395629883,"rotation":0,"time":84,"visible":true},{"position_x":-260.799987792969,"position_y":59.9252395629883,"rotation":0,"time":100,"visible":true},{"position_x":-249.599990844727,"position_y":59.9252395629883,"rotation":0,"time":117,"visible":true},{"position_x":-237.933319091797,"position_y":59.9252395629883,"rotation":0,"time":134,"visible":true},{"position_x":-226.266647338867,"position_y":59.9252395629883,"rotation":0,"time":150,"visible":true},{"position_x":-214.599975585938,"position_y":59.9252395629883,"rotation":0,"time":167,"visible":true},{"position_x":-202.933303833008,"position_y":59.9252395629883,"rotation":0,"time":184,"visible":true},{"position_x":-191.266632080078,"position_y":59.9252395629883,"rotation":0,"time":200,"visible":true},{"position_x":-179.599960327148,"position_y":59.9252395629883,"rotation":0,"time":217,"visible":true},{"position_x":-167.933288574219,"position_y":59.9252395629883,"rotation":0,"time":234,"visible":true},{"position_x":-156.266616821289,"position_y":59.9252395629883,"rotation":0,"time":250,"visible":true},{"position_x":-144.599945068359,"position_y":59.9252395629883,"rotation":0,"time":267,"visible":true},{"position_x":-132.93327331543,"position_y":59.9252395629883,"rotation":0,"time":284,"visible":true},{"position_x":-121.266609191895,"position_y":59.9252395629883,"rotation":0,"time":300,"visible":true},{"position_x":-109.599945068359,"position_y":59.9252395629883,"rotation":0,"time":317,"visible":true},{"position_x":-97.9332809448242,"position_y":59.9252395629883,"rotation":0,"time":334,"visible":true},{"position_x":-86.2666168212891,"position_y":59.9252395629883,"rotation":0,"time":350,"visible":true},{"position_x":-74.5999526977539,"position_y":59.9252395629883,"rotation":0,"time":367,"visible":true},{"position_x":-62.9332847595215,"position_y":59.9252395629883,"rotation":0,"time":384,"visible":true},{"position_x":-51.2666168212891,"position_y":59.9252395629883,"rotation":0,"time":400,"visible":true},{"position_x":-38.199951171875,"position_y":61.5585708618164,"rotation":0,"time":417,"visible":true},{"position_x":-25.1332855224609,"position_y":64.8252410888672,"rotation":0,"time":434,"visible":true},{"position_x":-12.0666179656982,"position_y":69.7252426147461,"rotation":0,"time":450,"visible":true},{"position_x":1.00004959106445,"position_y":76.2585754394531,"rotation":0,"time":467,"visible":true},{"position_x":14.0667171478271,"position_y":84.4252395629883,"rotation":0,"time":484,"visible":true},{"position_x":27.1333847045898,"position_y":94.2252426147461,"rotation":0,"time":500,"visible":true},{"position_x":40.2000541687012,"position_y":105.658576965332,"rotation":0,"time":517,"visible":true},{"position_x":53.2667198181152,"position_y":118.725242614746,"rotation":0,"time":534,"visible":true},{"position_x":66.3333892822266,"position_y":133.425247192383,"rotation":0,"time":550,"visible":true},{"position_x":79.4000549316406,"position_y":149.758575439453,"rotation":0,"time":567,"visible":true},{"position_x":93.8667221069336,"position_y":167.725250244141,"rotation":0,"time":584,"visible":true},{"position_x":109.733390808105,"position_y":187.325256347656,"rotation":0,"time":600,"visible":true},{"position_x":125.600059509277,"position_y":208.55859375,"rotation":0,"time":617,"visible":true},{"position_x":141.466720581055,"position_y":231.425262451172,"rotation":0,"time":634,"visible":true},{"position_x":157.333389282227,"position_y":255.925262451172,"rotation":0,"time":650,"visible":true},{"position_x":173.200057983398,"position_y":282.05859375,"rotation":0,"time":667,"visible":true},{"position_x":189.06672668457,"position_y":309.825256347656,"rotation":0,"time":684,"visible":true},{"position_x":204.933395385742,"position_y":339.225250244141,"rotation":0,"time":700,"visible":true},{"position_x":220.800064086914,"position_y":370.258575439453,"rotation":0,"time":717,"visible":true},{"position_x":236.666732788086,"position_y":402.925231933594,"rotation":0,"time":734,"visible":true},{"position_x":252.533401489258,"position_y":437.225219726562,"rotation":0,"time":750,"visible":true},{"position_x":268.400085449219,"position_y":473.158569335938,"rotation":0,"time":767,"visible":true},{"position_x":284.266754150391,"position_y":510.725219726562,"rotation":0,"time":784,"visible":true},{"position_x":300.133392333984,"position_y":539.925109863281,"rotation":0,"time":800,"visible":true},{"position_x":311.800048828125,"position_y":508.258453369141,"rotation":0,"time":817,"visible":true},{"position_x":324.866729736328,"position_y":478.225128173828,"rotation":0,"time":834,"visible":true},{"position_x":339.333404541016,"position_y":449.825134277344,"rotation":0,"time":850,"visible":true},{"position_x":355.200073242188,"position_y":423.058471679688,"rotation":0,"time":867,"visible":true},{"position_x":371.066741943359,"position_y":397.925140380859,"rotation":0,"time":884,"visible":true},{"position_x":386.933410644531,"position_y":374.425140380859,"rotation":0,"time":900,"visible":true},{"position_x":402.800079345703,"position_y":352.558471679688,"rotation":0,"time":917,"visible":true},{"position_x":418.666748046875,"position_y":332.325134277344,"rotation":0,"time":934,"visible":true},{"position_x":434.533416748047,"position_y":313.725128173828,"rotation":0,"time":950,"visible":true},{"position_x":450.400085449219,"position_y":297.075134277344,"rotation":0,"time":967,"visible":true},{"position_x":466.266845703125,"position_y":298.708465576172,"rotation":0,"time":984,"visible":true},{"position_x":482.133514404297,"position_y":301.975128173828,"rotation":0,"time":1000,"visible":true},{"position_x":498.000183105469,"position_y":306.875122070312,"rotation":0,"time":1017,"visible":true},{"position_x":513.866821289062,"position_y":313.408447265625,"rotation":0,"time":1034,"visible":true},{"position_x":529.733520507812,"position_y":321.575103759766,"rotation":0,"time":1050,"visible":true},{"position_x":545.600219726562,"position_y":331.375091552734,"rotation":0,"time":1067,"visible":true},{"position_x":561.466857910156,"position_y":342.808410644531,"rotation":0,"time":1084,"visible":true},{"position_x":577.33349609375,"position_y":355.875061035156,"rotation":0,"time":1100,"visible":true},{"position_x":593.200134277344,"position_y":370.575073242188,"rotation":0,"time":1117,"visible":true},{"position_x":609.066772460938,"position_y":386.908416748047,"rotation":0,"time":1134,"visible":true},{"position_x":624.933410644531,"position_y":404.875091552734,"rotation":0,"time":1150,"visible":true},{"position_x":640.800048828125,"position_y":419.925140380859,"rotation":0,"time":1167,"visible":true},{"position_x":652.466735839844,"position_y":419.925140380859,"rotation":0,"time":1184,"visible":true},{"position_x":664.133422851562,"position_y":419.925140380859,"rotation":0,"time":1200,"visible":true},{"position_x":675.800109863281,"position_y":419.925140380859,"rotation":0,"time":1217,"visible":true},{"position_x":687.466796875,"position_y":419.925140380859,"rotation":0,"time":1234,"visible":true},{"position_x":699.133483886719,"position_y":419.925140380859,"rotation":0,"time":1250,"visible":true},{"position_x":710.800170898438,"position_y":419.925140380859,"rotation":0,"time":1267,"visible":true},{"position_x":722.466857910156,"position_y":419.925140380859,"rotation":0,"time":1284,"visible":true},{"position_x":734.133544921875,"position_y":419.925140380859,"rotation":0,"time":1300,"visible":true},{"position_x":745.800231933594,"position_y":419.925140380859,"rotation":0,"time":1317,"visible":true},{"position_x":757.466918945312,"position_y":419.925140380859,"rotation":0,"time":1334,"visible":true},{"position_x":769.133605957031,"position_y":419.925140380859,"rotation":0,"time":1350,"visible":true},{"position_x":780.80029296875,"position_y":419.925140380859,"rotation":0,"time":1367,"visible":true},{"position_x":792.466979980469,"position_y":419.925140380859,"rotation":0,"time":1384,"visible":true},{"position_x":804.133666992188,"position_y":419.925140380859,"rotation":0,"time":1400,"visible":true},{"position_x":815.800354003906,"position_y":419.925140380859,"rotation":0,"time":1417,"visible":true},{"position_x":827.467041015625,"position_y":419.925140380859,"rotation":0,"time":1434,"visible":true},{"position_x":839.133728027344,"position_y":419.925140380859,"rotation":0,"time":1450,"visible":true},{"position_x":850.800415039062,"position_y":419.925140380859,"rotation":0,"time":1467,"visible":true},{"position_x":862.467102050781,"position_y":419.925140380859,"rotation":0,"time":1484,"visible":true},{"position_x":874.1337890625,"position_y":419.925140380859,"rotation":0,"time":1500,"visible":true},{"position_x":885.800476074219,"position_y":419.925140380859,"rotation":0,"time":1517,"visible":true},{"position_x":897.467163085938,"position_y":419.925140380859,"rotation":0,"time":1534,"visible":true},{"position_x":909.133850097656,"position_y":419.925140380859,"rotation":0,"time":1550,"visible":true},{"position_x":920.800537109375,"position_y":419.925140380859,"rotation":0,"time":1567,"visible":true},{"position_x":932.467224121094,"position_y":419.925140380859,"rotation":0,"time":1584,"visible":true},{"position_x":944.133911132812,"position_y":419.925140380859,"rotation":0,"time":1600,"visible":true},{"position_x":955.800598144531,"position_y":419.925140380859,"rotation":0,"time":1617,"visible":true},{"position_x":967.46728515625,"position_y":419.925140380859,"rotation":0,"time":1634,"visible":true},{"position_x":979.133972167969,"position_y":419.925140380859,"rotation":0,"time":1650,"visible":true},{"position_x":990.801025390625,"position_y":388.257476806641,"rotation":0,"time":1667,"visible":true},{"position_x":1003.86767578125,"position_y":358.224151611328,"rotation":0,"time":1684,"visible":true},{"position_x":1018.33435058594,"position_y":329.824157714844,"rotation":0,"time":1700,"visible":true},{"position_x":1034.20104980469,"position_y":303.057495117188,"rotation":0,"time":1717,"visible":true},{"position_x":1050.06774902344,"position_y":277.924163818359,"rotation":0,"time":1734,"visible":true},{"position_x":1065.93444824219,"position_y":254.424163818359,"rotation":0,"time":1750,"visible":true},{"position_x":1081.80114746094,"position_y":232.557495117188,"rotation":0,"time":1767,"visible":true},{"position_x":1097.66784667969,"position_y":212.324157714844,"rotation":0,"time":1784,"visible":true},{"position_x":1113.53454589844,"position_y":193.724151611328,"rotation":0,"time":1800,"visible":true},{"position_x":1129.40124511719,"position_y":176.757476806641,"rotation":0,"time":1817,"visible":true},{"position_x":1145.26794433594,"position_y":161.42414855957,"rotation":0,"time":1834,"visible":true},{"position_x":1161.13464355469,"position_y":147.724151611328,"rotation":0,"time":1850,"visible":true},{"position_x":1177.00134277344,"position_y":135.657485961914,"rotation":0,"time":1867,"visible":true},{"position_x":1192.86804199219,"position_y":125.224151611328,"rotation":0,"time":1884,"visible":true},{"position_x":1208.73474121094,"position_y":116.42414855957,"rotation":0,"time":1900,"visible":true},{"position_x":1224.60144042969,"position_y":109.257476806641,"rotation":0,"time":1917,"visible":true},{"position_x":1240.46813964844,"position_y":103.724143981934,"rotation":0,"time":1934,"visible":true},{"position_x":1256.33483886719,"position_y":99.8241424560547,"rotation":0,"time":1950,"visible":true},{"position_x":1272.20153808594,"position_y":97.5574722290039,"rotation":0,"time":1967,"visible":true},{"position_x":1288.06823730469,"position_y":96.9241409301758,"rotation":0,"time":1984,"visible":true},{"position_x":1303.93493652344,"position_y":97.9241409301758,"rotation":0,"time":2000,"visible":true},{"position_x":1319.80163574219,"position_y":100.557472229004,"rotation":0,"time":2017,"visible":true},{"position_x":1335.66833496094,"position_y":104.824142456055,"rotation":0,"time":2034,"visible":true},{"position_x":1351.53503417969,"position_y":110.724143981934,"rotation":0,"time":2050,"visible":true},{"position_x":1367.40173339844,"position_y":118.257476806641,"rotation":0,"time":2067,"visible":true},{"position_x":1383.26843261719,"position_y":127.424140930176,"rotation":0,"time":2084,"visible":true},{"position_x":1399.13513183594,"position_y":138.224136352539,"rotation":0,"time":2100,"visible":true},{"position_x":1415.00183105469,"position_y":150.657470703125,"rotation":0,"time":2117,"visible":true},{"position_x":1430.86853027344,"position_y":164.724136352539,"rotation":0,"time":2134,"visible":true},{"position_x":1446.73522949219,"position_y":180.424133300781,"rotation":0,"time":2150,"visible":true},{"position_x":1462.60192871094,"position_y":197.757461547852,"rotation":0,"time":2167,"visible":true},{"position_x":1478.46862792969,"position_y":216.72412109375,"rotation":0,"time":2184,"visible":true},{"position_x":1490.13525390625,"position_y":237.324127197266,"rotation":0,"time":2200,"visible":true},{"position_x":1497.60192871094,"position_y":259.557464599609,"rotation":0,"time":2217,"visible":true},{"position_x":1500.86865234375,"position_y":283.424133300781,"rotation":0,"time":2234,"visible":true},{"position_x":1499.93530273438,"position_y":308.924133300781,"rotation":0,"time":2250,"visible":true},{"position_x":1497.60192871094,"position_y":336.057464599609,"rotation":0,"time":2267,"visible":true},{"position_x":1493.86865234375,"position_y":364.824127197266,"rotation":0,"time":2284,"visible":true},{"position_x":1490.13537597656,"position_y":395.22412109375,"rotation":0,"time":2300,"visible":true},{"position_x":1486.40209960938,"position_y":419.924041748047,"rotation":0,"time":2317,"visible":true},{"position_x":1484.162109375,"position_y":419.924041748047,"rotation":0,"time":2334,"visible":true}]