[{"position_x":-298.599975585938,"position_y":59.9252395629883,"rotation":0,"time":15,"visible":true},{"position_x":-295.799987792969,"position_y":59.9252395629883,"rotation":0,"time":19,"visible":true},{"position_x":-291.599975585938,"position_y":59.9252395629883,"rotation":0,"time":32,"visible":true},{"position_x":-285.999969482422,"position_y":59.9252395629883,"rotation":0,"time":48,"visible":true},{"position_x":-278.999969482422,"position_y":59.9252395629883,"rotation":0,"time":65,"visible":true},{"position_x":-270.599975585938,"position_y":59.9252395629883,"rotation":0,"time":82,"visible":true},{"position_x":-260.799987792969,"position_y":59.9252395629883,"rotation":0,"time":98,"visible":true},{"position_x":-249.599990844727,"position_y":59.9252395629883,"rotation":0,"time":115,"visible":true},{"position_x":-237.933319091797,"position_y":59.9252395629883,"rotation":0,"time":132,"visible":true},{"position_x":-226.266647338867,"position_y":59.9252395629883,"rotation":0,"time":148,"visible":true},{"position_x":-214.599975585938,"position_y":59.9252395629883,"rotation":0,"time":165,"visible":true},{"position_x":-202.933303833008,"position_y":59.9252395629883,"rotation":0,"time":182,"visible":true},{"position_x":-191.266632080078,"position_y":59.9252395629883,"rotation":0,"time":198,"visible":true},{"position_x":-179.599960327148,"position_y":59.9252395629883,"rotation":0,"time":215,"visible":true},{"position_x":-167.932891845703,"position_y":28.2574939727783,"rotation":0,"time":232,"visible":true},{"position_x":-154.866226196289,"position_y":-1.77584457397461,"rotation":0,"time":248,"visible":true},{"position_x":-140.399551391602,"position_y":-30.1758499145508,"rotation":0,"time":265,"visible":true},{"position_x":-124.53288269043,"position_y":-56.9425201416016,"rotation":0,"time":282,"visible":true},{"position_x":-108.666213989258,"position_y":-82.0758590698242,"rotation":0,"time":298,"visible":true},{"position_x":-92.7995452880859,"position_y":-105.575859069824,"rotation":0,"time":315,"visible":true},{"position_x":-76.9328765869141,"position_y":-127.442527770996,"rotation":0,"time":332,"visible":true},{"position_x":-61.0662078857422,"position_y":-147.675857543945,"rotation":0,"time":348,"visible":true},{"position_x":-45.1995391845703,"position_y":-166.275863647461,"rotation":0,"time":365,"visible":true},{"position_x":-29.3328704833984,"position_y":-183.242523193359,"rotation":0,"time":382,"visible":true},{"position_x":-13.4662017822266,"position_y":-198.57585144043,"rotation":0,"time":398,"visible":true},{"position_x":2.40046691894531,"position_y":-212.275848388672,"rotation":0,"time":415,"visible":true},{"position_x":18.2671356201172,"position_y":-224.342514038086,"rotation":0,"time":432,"visible":true},{"position_x":34.1338043212891,"position_y":-234.775848388672,"rotation":0,"time":448,"visible":true},{"position_x":50.0004730224609,"position_y":-243.57585144043,"rotation":0,"time":465,"visible":true},{"position_x":65.8671417236328,"position_y":-250.742523193359,"rotation":0,"time":482,"visible":true},{"position_x":81.7338104248047,"position_y":-256.275848388672,"rotation":0,"time":498,"visible":true},{"position_x":97.6004791259766,"position_y":-260.175842285156,"rotation":0,"time":515,"visible":true},{"position_x":113.467147827148,"position_y":-262.442504882812,"rotation":0,"time":532,"visible":true},{"position_x":129.33381652832,"position_y":-263.075836181641,"rotation":0,"time":548,"visible":true},{"position_x":145.200485229492,"position_y":-262.075836181641,"rotation":0,"time":565,"visible":true},{"position_x":161.067153930664,"position_y":-259.442504882812,"rotation":0,"time":582,"visible":true},{"position_x":176.933822631836,"position_y":-255.175842285156,"rotation":0,"time":598,"visible":true},{"position_x":192.800491333008,"position_y":-249.275848388672,"rotation":0,"time":615,"visible":true},{"position_x":208.66716003418,"position_y":-241.74250793457,"rotation":0,"time":632,"visible":true},{"position_x":224.533828735352,"position_y":-232.575836181641,"rotation":0,"time":648,"visible":true},{"position_x":240.400497436523,"position_y":-221.775833129883,"rotation":0,"time":665,"visible":true},{"position_x":256.267150878906,"position_y":-209.342498779297,"rotation":0,"time":682,"visible":true},{"position_x":272.133819580078,"position_y":-195.275833129883,"rotation":0,"time":698,"visible":true},{"position_x":288.000457763672,"position_y":-180.075973510742,"rotation":0,"time":715,"visible":true},{"position_x":299.667144775391,"position_y":-211.742660522461,"rotation":0,"time":732,"visible":true},{"position_x":312.733825683594,"position_y":-241.776000976562,"rotation":0,"time":748,"visible":true},{"position_x":327.200500488281,"position_y":-270.175994873047,"rotation":0,"time":765,"visible":true},{"position_x":343.067169189453,"position_y":-296.942657470703,"rotation":0,"time":782,"visible":true},{"position_x":358.933837890625,"position_y":-322.075988769531,"rotation":0,"time":798,"visible":true},{"position_x":374.800506591797,"position_y":-345.575988769531,"rotation":0,"time":815,"visible":true},{"position_x":390.667175292969,"position_y":-367.442657470703,"rotation":0,"time":832,"visible":true},{"position_x":406.533843994141,"position_y":-387.675994873047,"rotation":0,"time":848,"visible":true},{"position_x":422.400512695312,"position_y":-406.276000976562,"rotation":0,"time":865,"visible":true},{"position_x":438.267181396484,"position_y":-423.24267578125,"rotation":0,"time":882,"visible":true},{"position_x":454.133850097656,"position_y":-438.576019287109,"rotation":0,"time":898,"visible":true},{"position_x":470.000518798828,"position_y":-452.276031494141,"rotation":0,"time":915,"visible":true},{"position_x":485.8671875,"position_y":-464.342712402344,"rotation":0,"time":932,"visible":true},{"position_x":501.733856201172,"position_y":-474.776031494141,"rotation":0,"time":948,"visible":true},{"position_x":517.600524902344,"position_y":-483.576019287109,"rotation":0,"time":965,"visible":true},{"position_x":533.467224121094,"position_y":-490.74267578125,"rotation":0,"time":981,"visible":true},{"position_x":549.333862304688,"position_y":-496.276000976562,"rotation":0,"time":998,"visible":true},{"position_x":565.200500488281,"position_y":-500.175994873047,"rotation":0,"time":1015,"visible":true},{"position_x":581.067138671875,"position_y":-502.442657470703,"rotation":0,"time":1032,"visible":true},{"position_x":596.933776855469,"position_y":-503.075988769531,"rotation":0,"time":1048,"visible":true},{"position_x":612.800415039062,"position_y":-502.075988769531,"rotation":0,"time":1065,"visible":true},{"position_x":628.667053222656,"position_y":-499.442657470703,"rotation":0,"time":1082,"visible":true},{"position_x":644.53369140625,"position_y":-495.175994873047,"rotation":0,"time":1098,"visible":true},{"position_x":660.400329589844,"position_y":-489.276000976562,"rotation":0,"time":1115,"visible":true},{"position_x":676.266967773438,"position_y":-481.74267578125,"rotation":0,"time":1132,"visible":true},{"position_x":692.133605957031,"position_y":-472.576019287109,"rotation":0,"time":1148,"visible":true},{"position_x":708.000244140625,"position_y":-461.776031494141,"rotation":0,"time":1165,"visible":true},{"position_x":723.866882324219,"position_y":-449.342712402344,"rotation":0,"time":1182,"visible":true},{"position_x":739.733520507812,"position_y":-435.276031494141,"rotation":0,"time":1198,"visible":true},{"position_x":755.600219726562,"position_y":-420.075958251953,"rotation":0,"time":1215,"visible":true},{"position_x":767.266906738281,"position_y":-420.075958251953,"rotation":0,"time":1232,"visible":true},{"position_x":778.93359375,"position_y":-420.075958251953,"rotation":0,"time":1248,"visible":true},{"position_x":790.600280761719,"position_y":-420.075958251953,"rotation":0,"time":1265,"visible":true},{"position_x":802.266967773438,"position_y":-420.075958251953,"rotation":0,"time":1282,"visible":true},{"position_x":813.933654785156,"position_y":-420.075958251953,"rotation":0,"time":1298,"visible":true},{"position_x":825.600341796875,"position_y":-420.075958251953,"rotation":0,"time":1315,"visible":true},{"position_x":837.267028808594,"position_y":-420.075958251953,"rotation":0,"time":1332,"visible":true},{"position_x":848.933715820312,"position_y":-420.075958251953,"rotation":0,"time":1348,"visible":true},{"position_x":860.600402832031,"position_y":-420.075958251953,"rotation":0,"time":1365,"visible":true},{"position_x":872.26708984375,"position_y":-420.075958251953,"rotation":0,"time":1381,"visible":true},{"position_x":883.933776855469,"position_y":-420.075958251953,"rotation":0,"time":1398,"visible":true},{"position_x":895.600463867188,"position_y":-420.075958251953,"rotation":0,"time":1415,"visible":true},{"position_x":907.267150878906,"position_y":-420.075958251953,"rotation":0,"time":1431,"visible":true},{"position_x":918.933837890625,"position_y":-420.075958251953,"rotation":0,"time":1448,"visible":true}]