[{"position_x":-298.599975585938,"position_y":59.9252395629883,"rotation":0,"time":0,"visible":true},{"position_x":-295.799987792969,"position_y":59.9252395629883,"rotation":0,"time":16,"visible":true},{"position_x":-291.599975585938,"position_y":59.9252395629883,"rotation":0,"time":33,"visible":true},{"position_x":-285.999969482422,"position_y":59.9252395629883,"rotation":0,"time":50,"visible":true},{"position_x":-278.999969482422,"position_y":59.9252395629883,"rotation":0,"time":66,"visible":true},{"position_x":-270.599975585938,"position_y":59.9252395629883,"rotation":0,"time":83,"visible":true},{"position_x":-260.799987792969,"position_y":59.9252395629883,"rotation":0,"time":100,"visible":true},{"position_x":-249.599990844727,"position_y":59.9252395629883,"rotation":0,"time":116,"visible":true},{"position_x":-237.933319091797,"position_y":59.9252395629883,"rotation":0,"time":133,"visible":true},{"position_x":-226.266647338867,"position_y":59.9252395629883,"rotation":0,"time":150,"visible":true},{"position_x":-214.599975585938,"position_y":59.9252395629883,"rotation":0,"time":166,"visible":true},{"position_x":-202.933303833008,"position_y":59.9252395629883,"rotation":0,"time":183,"visible":true},{"position_x":-191.266632080078,"position_y":59.9252395629883,"rotation":0,"time":200,"visible":true},{"position_x":-179.599960327148,"position_y":59.9252395629883,"rotation":0,"time":217,"visible":true},{"position_x":-166.533294677734,"position_y":61.5585708618164,"rotation":0,"time":233,"visible":true},{"position_x":-152.066635131836,"position_y":64.8252410888672,"rotation":0,"time":250,"visible":true},{"position_x":-136.199966430664,"position_y":69.7252426147461,"rotation":0,"time":266,"visible":true},{"position_x":-120.333297729492,"position_y":76.2585754394531,"rotation":0,"time":283,"visible":true},{"position_x":-104.46662902832,"position_y":84.4252471923828,"rotation":0,"time":300,"visible":true},{"position_x":-88.5999603271484,"position_y":94.2252502441406,"rotation":0,"time":316,"visible":true},{"position_x":-76.9332962036133,"position_y":105.658584594727,"rotation":0,"time":333,"visible":true},{"position_x":-69.4666290283203,"position_y":118.725250244141,"rotation":0,"time":350,"visible":true},{"position_x":-66.1999588012695,"position_y":133.425247192383,"rotation":0,"time":366,"visible":true},{"position_x":-67.1332931518555,"position_y":149.758575439453,"rotation":0,"time":383,"visible":true},{"position_x":-69.4666290283203,"position_y":167.725250244141,"rotation":0,"time":400,"visible":true},{"position_x":-73.1999664306641,"position_y":187.325256347656,"rotation":0,"time":416,"visible":true},{"position_x":-78.3332977294922,"position_y":208.55859375,"rotation":0,"time":433,"visible":true},{"position_x":-84.8666305541992,"position_y":231.425262451172,"rotation":0,"time":450,"visible":true},{"position_x":-92.7999649047852,"position_y":255.925262451172,"rotation":0,"time":466,"visible":true},{"position_x":-102.13330078125,"position_y":282.05859375,"rotation":0,"time":483,"visible":true},{"position_x":-112.866638183594,"position_y":309.825256347656,"rotation":0,"time":500,"visible":true},{"position_x":-124.999969482422,"position_y":339.225250244141,"rotation":0,"time":516,"visible":true},{"position_x":-138.533294677734,"position_y":370.258575439453,"rotation":0,"time":533,"visible":true},{"position_x":-153.46662902832,"position_y":402.925231933594,"rotation":0,"time":550,"visible":true},{"position_x":-169.799957275391,"position_y":437.225219726562,"rotation":0,"time":566,"visible":true},{"position_x":-186.13330078125,"position_y":473.158569335938,"rotation":0,"time":583,"visible":true},{"position_x":-202.46662902832,"position_y":510.725250244141,"rotation":0,"time":600,"visible":true},{"position_x":-218.79997253418,"position_y":539.925109863281,"rotation":0,"time":616,"visible":true},{"position_x":-230.466644287109,"position_y":539.925109863281,"rotation":0,"time":633,"visible":true},{"position_x":-242.133316040039,"position_y":539.925109863281,"rotation":0,"time":650,"visible":true},{"position_x":-253.799987792969,"position_y":539.925109863281,"rotation":0,"time":666,"visible":true},{"position_x":-265.466644287109,"position_y":539.925109863281,"rotation":0,"time":683,"visible":true},{"position_x":-277.13330078125,"position_y":539.925109863281,"rotation":0,"time":699,"visible":true},{"position_x":-288.799957275391,"position_y":539.925109863281,"rotation":0,"time":716,"visible":true},{"position_x":-300.466613769531,"position_y":539.925109863281,"rotation":0,"time":734,"visible":true},{"position_x":-312.133270263672,"position_y":539.925109863281,"rotation":0,"time":750,"visible":true},{"position_x":-323.799926757812,"position_y":539.925109863281,"rotation":0,"time":766,"visible":true},{"position_x":-335.466583251953,"position_y":539.925109863281,"rotation":0,"time":783,"visible":true},{"position_x":-347.133239746094,"position_y":539.925109863281,"rotation":0,"time":800,"visible":true},{"position_x":-358.799896240234,"position_y":539.925109863281,"rotation":0,"time":816,"visible":true},{"position_x":-370.466552734375,"position_y":539.925109863281,"rotation":0,"time":833,"visible":true},{"position_x":-382.133209228516,"position_y":539.925109863281,"rotation":0,"time":850,"visible":true},{"position_x":-393.799865722656,"position_y":539.925109863281,"rotation":0,"time":866,"visible":true},{"position_x":-405.466522216797,"position_y":539.925109863281,"rotation":0,"time":883,"visible":true},{"position_x":-417.133178710938,"position_y":539.925109863281,"rotation":0,"time":900,"visible":true},{"position_x":-428.799835205078,"position_y":539.925109863281,"rotation":0,"time":916,"visible":true},{"position_x":-440.466491699219,"position_y":539.925109863281,"rotation":0,"time":933,"visible":true},{"position_x":-452.133148193359,"position_y":539.925109863281,"rotation":0,"time":950,"visible":true},{"position_x":-463.7998046875,"position_y":539.925109863281,"rotation":0,"time":966,"visible":true},{"position_x":-475.466461181641,"position_y":539.925109863281,"rotation":0,"time":983,"visible":true},{"position_x":-487.133117675781,"position_y":539.925109863281,"rotation":0,"time":1000,"visible":true},{"position_x":-498.799774169922,"position_y":539.925109863281,"rotation":0,"time":1016,"visible":true},{"position_x":-510.466430664062,"position_y":539.925109863281,"rotation":0,"time":1033,"visible":true},{"position_x":-522.133117675781,"position_y":539.925109863281,"rotation":0,"time":1050,"visible":true},{"position_x":-533.7998046875,"position_y":539.925109863281,"rotation":0,"time":1066,"visible":true},{"position_x":-545.466491699219,"position_y":539.925109863281,"rotation":0,"time":1083,"visible":true},{"position_x":-557.133178710938,"position_y":539.925109863281,"rotation":0,"time":1100,"visible":true},{"position_x":-568.799865722656,"position_y":539.925109863281,"rotation":0,"time":1116,"visible":true},{"position_x":-580.466552734375,"position_y":539.925109863281,"rotation":0,"time":1133,"visible":true},{"position_x":-592.133239746094,"position_y":539.925109863281,"rotation":0,"time":1150,"visible":true},{"position_x":-603.799926757812,"position_y":539.925109863281,"rotation":0,"time":1166,"visible":true},{"position_x":-615.466613769531,"position_y":539.925109863281,"rotation":0,"time":1183,"visible":true},{"position_x":-627.13330078125,"position_y":539.925109863281,"rotation":0,"time":1200,"visible":true},{"position_x":-638.799987792969,"position_y":539.925109863281,"rotation":0,"time":1216,"visible":true},{"position_x":-650.466674804688,"position_y":539.925109863281,"rotation":0,"time":1233,"visible":true},{"position_x":-662.133361816406,"position_y":539.925109863281,"rotation":0,"time":1250,"visible":true},{"position_x":-673.800048828125,"position_y":539.925109863281,"rotation":0,"time":1266,"visible":true},{"position_x":-685.466735839844,"position_y":539.925109863281,"rotation":0,"time":1283,"visible":true},{"position_x":-697.133422851562,"position_y":539.925109863281,"rotation":0,"time":1300,"visible":true},{"position_x":-708.800109863281,"position_y":539.925109863281,"rotation":0,"time":1317,"visible":true},{"position_x":-720.466796875,"position_y":539.925109863281,"rotation":0,"time":1333,"visible":true},{"position_x":-732.133483886719,"position_y":539.925109863281,"rotation":0,"time":1350,"visible":true},{"position_x":-743.800170898438,"position_y":539.925109863281,"rotation":0,"time":1366,"visible":true},{"position_x":-755.466857910156,"position_y":539.925109863281,"rotation":0,"time":1383,"visible":true},{"position_x":-767.133544921875,"position_y":539.925109863281,"rotation":0,"time":1400,"visible":true},{"position_x":-778.800231933594,"position_y":539.925109863281,"rotation":0,"time":1416,"visible":true},{"position_x":-790.466918945312,"position_y":539.925109863281,"rotation":0,"time":1433,"visible":true},{"position_x":-802.133605957031,"position_y":539.925109863281,"rotation":0,"time":1450,"visible":true},{"position_x":-813.80029296875,"position_y":539.925109863281,"rotation":0,"time":1467,"visible":true},{"position_x":-825.466979980469,"position_y":539.925109863281,"rotation":0,"time":1483,"visible":true},{"position_x":-837.133666992188,"position_y":539.925109863281,"rotation":0,"time":1500,"visible":true},{"position_x":-848.800354003906,"position_y":539.925109863281,"rotation":0,"time":1516,"visible":true},{"position_x":-860.467041015625,"position_y":539.925109863281,"rotation":0,"time":1533,"visible":true},{"position_x":-872.133728027344,"position_y":539.925109863281,"rotation":0,"time":1550,"visible":true},{"position_x":-883.800415039062,"position_y":539.925109863281,"rotation":0,"time":1566,"visible":true},{"position_x":-895.467102050781,"position_y":539.925109863281,"rotation":0,"time":1583,"visible":true},{"position_x":-907.1337890625,"position_y":539.925109863281,"rotation":0,"time":1600,"visible":true},{"position_x":-918.800476074219,"position_y":539.925109863281,"rotation":0,"time":1616,"visible":true},{"position_x":-930.46728515625,"position_y":449.924011230469,"rotation":0,"time":1633,"visible":true},{"position_x":-943.533935546875,"position_y":361.557342529297,"rotation":0,"time":1650,"visible":true},{"position_x":-958.000610351562,"position_y":274.824005126953,"rotation":0,"time":1666,"visible":true},{"position_x":-972.46728515625,"position_y":189.724014282227,"rotation":0,"time":1683,"visible":true},{"position_x":-986.933959960938,"position_y":106.257339477539,"rotation":0,"time":1700,"visible":true},{"position_x":-1001.40063476562,"position_y":24.4240188598633,"rotation":0,"time":1716,"visible":true},{"position_x":-1011.66729736328,"position_y":-55.7759857177734,"rotation":0,"time":1733,"visible":true},{"position_x":-1017.73394775391,"position_y":-134.342651367188,"rotation":0,"time":1750,"visible":true},{"position_x":-1019.6005859375,"position_y":-211.275985717773,"rotation":0,"time":1766,"visible":true},{"position_x":-1017.26727294922,"position_y":-286.575988769531,"rotation":0,"time":1783,"visible":true},{"position_x":-1013.53393554688,"position_y":-360.242645263672,"rotation":0,"time":1800,"visible":true},{"position_x":-1008.40057373047,"position_y":-432.275970458984,"rotation":0,"time":1816,"visible":true},{"position_x":-1001.86724853516,"position_y":-502.675964355469,"rotation":0,"time":1833,"visible":true},{"position_x":-993.933898925781,"position_y":-571.442626953125,"rotation":0,"time":1850,"visible":true},{"position_x":-984.6005859375,"position_y":-638.575927734375,"rotation":0,"time":1866,"visible":true},{"position_x":-973.867248535156,"position_y":-704.075927734375,"rotation":0,"time":1883,"visible":true},{"position_x":-961.73388671875,"position_y":-767.942565917969,"rotation":0,"time":1900,"visible":true},{"position_x":-948.200561523438,"position_y":-830.175903320312,"rotation":0,"time":1916,"visible":true},{"position_x":-933.267211914062,"position_y":-890.77587890625,"rotation":0,"time":1933,"visible":true},{"position_x":-916.933898925781,"position_y":-949.742553710938,"rotation":0,"time":1950,"visible":true},{"position_x":-900.6005859375,"position_y":-1007.07586669922,"rotation":0,"time":1966,"visible":true},{"position_x":-884.267272949219,"position_y":-1062.77587890625,"rotation":0,"time":1983,"visible":true},{"position_x":-867.933959960938,"position_y":-1116.84252929688,"rotation":0,"time":2000,"visible":true},{"position_x":-851.600646972656,"position_y":-1169.27587890625,"rotation":0,"time":2016,"visible":true},{"position_x":-835.267333984375,"position_y":-1220.07592773438,"rotation":0,"time":2033,"visible":true},{"position_x":-818.934020996094,"position_y":-1269.24255371094,"rotation":0,"time":2050,"visible":true},{"position_x":-802.600708007812,"position_y":-1316.77587890625,"rotation":0,"time":2066,"visible":true},{"position_x":-786.267395019531,"position_y":-1362.67590332031,"rotation":0,"time":2083,"visible":true},{"position_x":-769.93408203125,"position_y":-1406.94262695312,"rotation":0,"time":2100,"visible":true},{"position_x":-753.600769042969,"position_y":-1449.57592773438,"rotation":0,"time":2116,"visible":true},{"position_x":-737.267456054688,"position_y":-1490.57592773438,"rotation":0,"time":2133,"visible":true},{"position_x":-720.934143066406,"position_y":-1529.94262695312,"rotation":0,"time":2150,"visible":true},{"position_x":-704.600830078125,"position_y":-1567.67590332031,"rotation":0,"time":2166,"visible":true},{"position_x":-688.267517089844,"position_y":-1603.77587890625,"rotation":0,"time":2183,"visible":true},{"position_x":-671.934204101562,"position_y":-1638.24255371094,"rotation":0,"time":2200,"visible":true},{"position_x":-655.600891113281,"position_y":-1671.07592773438,"rotation":0,"time":2217,"visible":true},{"position_x":-639.267578125,"position_y":-1702.27587890625,"rotation":0,"time":2233,"visible":true},{"position_x":-622.934265136719,"position_y":-1731.84252929688,"rotation":0,"time":2249,"visible":true},{"position_x":-606.600952148438,"position_y":-1759.77587890625,"rotation":0,"time":2266,"visible":true},{"position_x":-590.267639160156,"position_y":-1786.07592773438,"rotation":0,"time":2283,"visible":true},{"position_x":-573.934326171875,"position_y":-1810.74255371094,"rotation":0,"time":2300,"visible":true},{"position_x":-557.601013183594,"position_y":-1833.77587890625,"rotation":0,"time":2316,"visible":true},{"position_x":-541.267700195312,"position_y":-1855.17590332031,"rotation":0,"time":2333,"visible":true},{"position_x":-524.934387207031,"position_y":-1874.94262695312,"rotation":0,"time":2350,"visible":true},{"position_x":-508.601043701172,"position_y":-1893.07592773438,"rotation":0,"time":2366,"visible":true},{"position_x":-492.267700195312,"position_y":-1909.57592773438,"rotation":0,"time":2383,"visible":true},{"position_x":-475.934356689453,"position_y":-1924.44262695312,"rotation":0,"time":2400,"visible":true},{"position_x":-459.601013183594,"position_y":-1937.67590332031,"rotation":0,"time":2416,"visible":true},{"position_x":-443.267669677734,"position_y":-1949.27587890625,"rotation":0,"time":2433,"visible":true},{"position_x":-426.934326171875,"position_y":-1959.24255371094,"rotation":0,"time":2450,"visible":true},{"position_x":-410.600982666016,"position_y":-1967.57592773438,"rotation":0,"time":2466,"visible":true},{"position_x":-394.267639160156,"position_y":-1974.27587890625,"rotation":0,"time":2483,"visible":true},{"position_x":-377.934295654297,"position_y":-1979.34252929688,"rotation":0,"time":2499,"visible":true},{"position_x":-361.600952148438,"position_y":-1982.77587890625,"rotation":0,"time":2516,"visible":true},{"position_x":-345.267608642578,"position_y":-1984.57592773438,"rotation":0,"time":2533,"visible":true},{"position_x":-328.934265136719,"position_y":-1984.74255371094,"rotation":0,"time":2550,"visible":true},{"position_x":-312.600921630859,"position_y":-1983.27587890625,"rotation":0,"time":2566,"visible":true},{"position_x":-296.267578125,"position_y":-1980.17590332031,"rotation":0,"time":2583,"visible":true},{"position_x":-279.934234619141,"position_y":-1975.44262695312,"rotation":0,"time":2600,"visible":true},{"position_x":-263.600891113281,"position_y":-1969.07592773438,"rotation":0,"time":2616,"visible":true},{"position_x":-247.267562866211,"position_y":-1961.07592773438,"rotation":0,"time":2633,"visible":true},{"position_x":-230.934234619141,"position_y":-1951.44262695312,"rotation":0,"time":2650,"visible":true},{"position_x":-214.60090637207,"position_y":-1940.17590332031,"rotation":0,"time":2666,"visible":true},{"position_x":-198.267578125,"position_y":-1927.27587890625,"rotation":0,"time":2683,"visible":true},{"position_x":-181.93424987793,"position_y":-1912.74255371094,"rotation":0,"time":2700,"visible":true},{"position_x":-165.600921630859,"position_y":-1896.57592773438,"rotation":0,"time":2716,"visible":true},{"position_x":-149.267578125,"position_y":-1878.77587890625,"rotation":0,"time":2733,"visible":true},{"position_x":-132.934234619141,"position_y":-1859.34252929688,"rotation":0,"time":2749,"visible":true},{"position_x":-116.60090637207,"position_y":-1838.27587890625,"rotation":0,"time":2766,"visible":true},{"position_x":-100.267578125,"position_y":-1815.57592773438,"rotation":0,"time":2783,"visible":true},{"position_x":-83.9342422485352,"position_y":-1791.24255371094,"rotation":0,"time":2799,"visible":true},{"position_x":-67.6009140014648,"position_y":-1765.27587890625,"rotation":0,"time":2816,"visible":true},{"position_x":-51.267578125,"position_y":-1737.67590332031,"rotation":0,"time":2833,"visible":true},{"position_x":-34.9342422485352,"position_y":-1708.44250488281,"rotation":0,"time":2850,"visible":true},{"position_x":-18.6009101867676,"position_y":-1677.57580566406,"rotation":0,"time":2866,"visible":true},{"position_x":-2.267578125,"position_y":-1645.07580566406,"rotation":0,"time":2883,"visible":true},{"position_x":14.0657558441162,"position_y":-1610.94250488281,"rotation":0,"time":2899,"visible":true},{"position_x":30.3990898132324,"position_y":-1575.17578125,"rotation":0,"time":2916,"visible":true},{"position_x":46.732421875,"position_y":-1537.77575683594,"rotation":0,"time":2933,"visible":true},{"position_x":63.0657577514648,"position_y":-1498.74243164062,"rotation":0,"time":2950,"visible":true},{"position_x":79.3990936279297,"position_y":-1458.07580566406,"rotation":0,"time":2966,"visible":true},{"position_x":95.732421875,"position_y":-1415.77575683594,"rotation":0,"time":2983,"visible":true},{"position_x":112.065757751465,"position_y":-1371.84240722656,"rotation":0,"time":3000,"visible":true},{"position_x":128.39909362793,"position_y":-1326.27575683594,"rotation":0,"time":3016,"visible":true},{"position_x":144.732421875,"position_y":-1279.07580566406,"rotation":0,"time":3033,"visible":true},{"position_x":161.06575012207,"position_y":-1230.24243164062,"rotation":0,"time":3050,"visible":true},{"position_x":177.399078369141,"position_y":-1179.77575683594,"rotation":0,"time":3066,"visible":true},{"position_x":193.732406616211,"position_y":-1127.67578125,"rotation":0,"time":3083,"visible":true},{"position_x":210.065734863281,"position_y":-1073.9423828125,"rotation":0,"time":3099,"visible":true},{"position_x":226.399063110352,"position_y":-1018.57568359375,"rotation":0,"time":3116,"visible":true},{"position_x":242.732391357422,"position_y":-961.57568359375,"rotation":0,"time":3133,"visible":true},{"position_x":259.065734863281,"position_y":-902.942321777344,"rotation":0,"time":3150,"visible":true},{"position_x":275.399078369141,"position_y":-842.675659179688,"rotation":0,"time":3166,"visible":true},{"position_x":291.732421875,"position_y":-780.775634765625,"rotation":0,"time":3183,"visible":true},{"position_x":308.065765380859,"position_y":-717.242309570312,"rotation":0,"time":3199,"visible":true},{"position_x":324.399108886719,"position_y":-652.075622558594,"rotation":0,"time":3216,"visible":true},{"position_x":340.732452392578,"position_y":-585.275634765625,"rotation":0,"time":3233,"visible":true},{"position_x":357.065795898438,"position_y":-516.84228515625,"rotation":0,"time":3249,"visible":true},{"position_x":373.399139404297,"position_y":-446.775634765625,"rotation":0,"time":3266,"visible":true},{"position_x":389.732482910156,"position_y":-375.075622558594,"rotation":0,"time":3283,"visible":true},{"position_x":406.065826416016,"position_y":-301.742309570312,"rotation":0,"time":3300,"visible":true},{"position_x":422.399169921875,"position_y":-226.775634765625,"rotation":0,"time":3316,"visible":true},{"position_x":438.732513427734,"position_y":-180.075973510742,"rotation":0,"time":3333,"visible":true},{"position_x":450.399200439453,"position_y":-211.742660522461,"rotation":0,"time":3350,"visible":true},{"position_x":463.465881347656,"position_y":-241.776000976562,"rotation":0,"time":3366,"visible":true},{"position_x":477.932556152344,"position_y":-270.175994873047,"rotation":0,"time":3383,"visible":true},{"position_x":493.799224853516,"position_y":-296.942657470703,"rotation":0,"time":3399,"visible":true},{"position_x":509.665893554688,"position_y":-322.075988769531,"rotation":0,"time":3416,"visible":true},{"position_x":525.532531738281,"position_y":-345.575988769531,"rotation":0,"time":3433,"visible":true},{"position_x":541.399169921875,"position_y":-367.442657470703,"rotation":0,"time":3450,"visible":true},{"position_x":557.265808105469,"position_y":-387.675994873047,"rotation":0,"time":3466,"visible":true},{"position_x":573.132446289062,"position_y":-406.276000976562,"rotation":0,"time":3483,"visible":true},{"position_x":588.999084472656,"position_y":-423.24267578125,"rotation":0,"time":3499,"visible":true},{"position_x":604.86572265625,"position_y":-438.576019287109,"rotation":0,"time":3516,"visible":true},{"position_x":620.732421875,"position_y":-452.276031494141,"rotation":0,"time":3533,"visible":true},{"position_x":636.599060058594,"position_y":-464.342712402344,"rotation":0,"time":3550,"visible":true},{"position_x":652.465698242188,"position_y":-474.776031494141,"rotation":0,"time":3566,"visible":true},{"position_x":668.332397460938,"position_y":-483.576019287109,"rotation":0,"time":3583,"visible":true},{"position_x":684.199096679688,"position_y":-490.74267578125,"rotation":0,"time":3599,"visible":true},{"position_x":700.065734863281,"position_y":-496.276000976562,"rotation":0,"time":3616,"visible":true},{"position_x":715.932373046875,"position_y":-500.175994873047,"rotation":0,"time":3633,"visible":true},{"position_x":731.799072265625,"position_y":-502.442657470703,"rotation":0,"time":3649,"visible":true},{"position_x":747.665710449219,"position_y":-503.075988769531,"rotation":0,"time":3666,"visible":true},{"position_x":763.532348632812,"position_y":-502.075988769531,"rotation":0,"time":3683,"visible":true},{"position_x":779.398986816406,"position_y":-499.442657470703,"rotation":0,"time":3700,"visible":true},{"position_x":795.265625,"position_y":-495.175994873047,"rotation":0,"time":3716,"visible":true},{"position_x":811.132263183594,"position_y":-489.276000976562,"rotation":0,"time":3733,"visible":true},{"position_x":826.998901367188,"position_y":-481.74267578125,"rotation":0,"time":3750,"visible":true},{"position_x":842.865539550781,"position_y":-472.576019287109,"rotation":0,"time":3766,"visible":true},{"position_x":858.732177734375,"position_y":-461.776031494141,"rotation":0,"time":3783,"visible":true},{"position_x":874.598815917969,"position_y":-449.342712402344,"rotation":0,"time":3799,"visible":true},{"position_x":890.465454101562,"position_y":-435.276031494141,"rotation":0,"time":3816,"visible":true},{"position_x":906.332153320312,"position_y":-419.576019287109,"rotation":0,"time":3833,"visible":true},{"position_x":922.198791503906,"position_y":-402.24267578125,"rotation":0,"time":3850,"visible":true},{"position_x":938.0654296875,"position_y":-383.276000976562,"rotation":0,"time":3866,"visible":true},{"position_x":953.932067871094,"position_y":-362.675994873047,"rotation":0,"time":3883,"visible":true},{"position_x":969.798706054688,"position_y":-340.442657470703,"rotation":0,"time":3899,"visible":true},{"position_x":985.665344238281,"position_y":-316.575988769531,"rotation":0,"time":3916,"visible":true},{"position_x":1001.53198242188,"position_y":-291.075988769531,"rotation":0,"time":3933,"visible":true},{"position_x":1017.39868164062,"position_y":-263.942657470703,"rotation":0,"time":3950,"visible":true},{"position_x":1029.06530761719,"position_y":-235.175994873047,"rotation":0,"time":3966,"visible":true},{"position_x":1036.53198242188,"position_y":-204.776000976562,"rotation":0,"time":3983,"visible":true},{"position_x":1039.79870605469,"position_y":-172.74267578125,"rotation":0,"time":3999,"visible":true},{"position_x":1038.86535644531,"position_y":-139.076019287109,"rotation":0,"time":4016,"visible":true},{"position_x":1036.53198242188,"position_y":-103.776016235352,"rotation":0,"time":4033,"visible":true},{"position_x":1032.79870605469,"position_y":-66.8426818847656,"rotation":0,"time":4049,"visible":true},{"position_x":1027.66540527344,"position_y":-28.276008605957,"rotation":0,"time":4066,"visible":true},{"position_x":1021.13208007812,"position_y":11.9239921569824,"rotation":0,"time":4083,"visible":true},{"position_x":1019.0751953125,"position_y":53.7573280334473,"rotation":0,"time":4100,"visible":true},{"position_x":1019.07476806641,"position_y":94.1813278198242,"rotation":0,"time":4116,"visible":true},{"position_x":1017.67474365234,"position_y":133.294647216797,"rotation":0,"time":4133,"visible":true},{"position_x":1014.87475585938,"position_y":174.041305541992,"rotation":0,"time":4150,"visible":true},{"position_x":1010.67474365234,"position_y":216.421279907227,"rotation":0,"time":4166,"visible":true},{"position_x":1005.07476806641,"position_y":260.434600830078,"rotation":0,"time":4183,"visible":true},{"position_x":998.074768066406,"position_y":306.081237792969,"rotation":0,"time":4199,"visible":true},{"position_x":989.674743652344,"position_y":353.361206054688,"rotation":0,"time":4216,"visible":true},{"position_x":979.874755859375,"position_y":402.274536132812,"rotation":0,"time":4233,"visible":true},{"position_x":968.674743652344,"position_y":419.924896240234,"rotation":0,"time":4249,"visible":true},{"position_x":957.008056640625,"position_y":419.924896240234,"rotation":0,"time":4266,"visible":true},{"position_x":945.341369628906,"position_y":419.924896240234,"rotation":0,"time":4283,"visible":true},{"position_x":933.674682617188,"position_y":419.924896240234,"rotation":0,"time":4300,"visible":true},{"position_x":922.007995605469,"position_y":419.924896240234,"rotation":0,"time":4316,"visible":true},{"position_x":910.34130859375,"position_y":419.924896240234,"rotation":0,"time":4333,"visible":true},{"position_x":898.674621582031,"position_y":419.924896240234,"rotation":0,"time":4350,"visible":true},{"position_x":887.007934570312,"position_y":419.924896240234,"rotation":0,"time":4366,"visible":true},{"position_x":875.341247558594,"position_y":419.924896240234,"rotation":0,"time":4383,"visible":true},{"position_x":863.674560546875,"position_y":419.924896240234,"rotation":0,"time":4399,"visible":true},{"position_x":852.007873535156,"position_y":419.924896240234,"rotation":0,"time":4416,"visible":true},{"position_x":840.341186523438,"position_y":419.924896240234,"rotation":0,"time":4433,"visible":true},{"position_x":828.674499511719,"position_y":419.924896240234,"rotation":0,"time":4449,"visible":true},{"position_x":817.0078125,"position_y":419.924896240234,"rotation":0,"time":4466,"visible":true},{"position_x":805.341125488281,"position_y":419.924896240234,"rotation":0,"time":4483,"visible":true},{"position_x":793.674438476562,"position_y":419.924896240234,"rotation":0,"time":4499,"visible":true},{"position_x":782.007751464844,"position_y":419.924896240234,"rotation":0,"time":4516,"visible":true},{"position_x":770.341064453125,"position_y":419.924896240234,"rotation":0,"time":4533,"visible":true},{"position_x":758.674377441406,"position_y":419.924896240234,"rotation":0,"time":4550,"visible":true},{"position_x":747.007568359375,"position_y":329.924011230469,"rotation":0,"time":4566,"visible":true},{"position_x":733.94091796875,"position_y":241.557342529297,"rotation":0,"time":4583,"visible":true},{"position_x":719.474243164062,"position_y":154.824005126953,"rotation":0,"time":4600,"visible":true},{"position_x":703.607604980469,"position_y":69.724006652832,"rotation":0,"time":4616,"visible":true},{"position_x":687.740966796875,"position_y":57.1714019775391,"rotation":0,"time":4633,"visible":true},{"position_x":671.874328613281,"position_y":58.8047370910645,"rotation":0,"time":4649,"visible":true},{"position_x":659.075500488281,"position_y":62.071403503418,"rotation":0,"time":4666,"visible":true},{"position_x":659.074768066406,"position_y":66.6284027099609,"rotation":0,"time":4683,"visible":true},{"position_x":659.074768066406,"position_y":72.3854141235352,"rotation":0,"time":4700,"visible":true},{"position_x":659.074768066406,"position_y":79.2584381103516,"rotation":0,"time":4716,"visible":true},{"position_x":659.074768066406,"position_y":87.1693420410156,"rotation":0,"time":4733,"visible":true},{"position_x":659.074768066406,"position_y":96.0454864501953,"rotation":0,"time":4750,"visible":true},{"position_x":659.074768066406,"position_y":105.819297790527,"rotation":0,"time":4766,"visible":true},{"position_x":659.074768066406,"position_y":116.427947998047,"rotation":0,"time":4783,"visible":true},{"position_x":659.074768066406,"position_y":127.81298828125,"rotation":0,"time":4799,"visible":true},{"position_x":659.074768066406,"position_y":139.920074462891,"rotation":0,"time":4816,"visible":true},{"position_x":659.074768066406,"position_y":152.698669433594,"rotation":0,"time":4833,"visible":true},{"position_x":659.074768066406,"position_y":166.101760864258,"rotation":0,"time":4849,"visible":true},{"position_x":659.074768066406,"position_y":180.085632324219,"rotation":0,"time":4866,"visible":true},{"position_x":659.075988769531,"position_y":194.609634399414,"rotation":0,"time":4883,"visible":true},{"position_x":659.075988769531,"position_y":209.635955810547,"rotation":0,"time":4900,"visible":true},{"position_x":659.075988769531,"position_y":225.129440307617,"rotation":0,"time":4916,"visible":true},{"position_x":659.075988769531,"position_y":241.057373046875,"rotation":0,"time":4933,"visible":true},{"position_x":659.075988769531,"position_y":257.389343261719,"rotation":0,"time":4950,"visible":true},{"position_x":659.075988769531,"position_y":274.097076416016,"rotation":0,"time":4966,"visible":true},{"position_x":659.075988769531,"position_y":291.154296875,"rotation":0,"time":4983,"visible":true},{"position_x":659.075988769531,"position_y":308.536499023438,"rotation":0,"time":4999,"visible":true},{"position_x":659.075988769531,"position_y":326.220916748047,"rotation":0,"time":5016,"visible":true},{"position_x":659.075988769531,"position_y":344.186431884766,"rotation":0,"time":5033,"visible":true},{"position_x":659.075988769531,"position_y":362.413360595703,"rotation":0,"time":5050,"visible":true},{"position_x":659.075988769531,"position_y":380.883422851562,"rotation":0,"time":5066,"visible":true},{"position_x":659.075988769531,"position_y":399.57958984375,"rotation":0,"time":5083,"visible":true},{"position_x":659.075988769531,"position_y":418.486022949219,"rotation":0,"time":5100,"visible":true},{"position_x":659.075988769531,"position_y":419.993774414062,"rotation":0,"time":5116,"visible":true},{"position_x":659.074829101562,"position_y":336.293792724609,"rotation":0,"time":5133,"visible":true},{"position_x":659.075988769531,"position_y":259.971801757812,"rotation":0,"time":5150,"visible":true},{"position_x":659.075988769531,"position_y":190.511352539062,"rotation":0,"time":5166,"visible":true},{"position_x":659.075988769531,"position_y":127.432121276855,"rotation":0,"time":5183,"visible":true},{"position_x":659.074768066406,"position_y":70.2874374389648,"rotation":0,"time":5200,"visible":true},{"position_x":659.074768066406,"position_y":57.0189056396484,"rotation":0,"time":5216,"visible":true},{"position_x":656.274719238281,"position_y":57.0752182006836,"rotation":0,"time":5233,"visible":true},{"position_x":652.074462890625,"position_y":58.7086524963379,"rotation":0,"time":5250,"visible":true},{"position_x":646.474487304688,"position_y":59.925220489502,"rotation":0,"time":5266,"visible":true},{"position_x":639.474487304688,"position_y":59.925220489502,"rotation":0,"time":5283,"visible":true},{"position_x":631.074462890625,"position_y":59.925220489502,"rotation":0,"time":5299,"visible":true},{"position_x":621.274475097656,"position_y":59.925220489502,"rotation":0,"time":5316,"visible":true},{"position_x":610.074462890625,"position_y":59.925220489502,"rotation":0,"time":5333,"visible":true},{"position_x":598.407775878906,"position_y":59.925220489502,"rotation":0,"time":5350,"visible":true},{"position_x":586.741088867188,"position_y":59.925220489502,"rotation":0,"time":5366,"visible":true},{"position_x":575.074401855469,"position_y":59.925220489502,"rotation":0,"time":5383,"visible":true},{"position_x":563.40771484375,"position_y":59.925220489502,"rotation":0,"time":5399,"visible":true},{"position_x":551.741027832031,"position_y":59.925220489502,"rotation":0,"time":5416,"visible":true},{"position_x":540.074340820312,"position_y":59.925220489502,"rotation":0,"time":5433,"visible":true},{"position_x":528.407653808594,"position_y":59.925220489502,"rotation":0,"time":5449,"visible":true},{"position_x":516.740966796875,"position_y":59.925220489502,"rotation":0,"time":5466,"visible":true},{"position_x":505.074310302734,"position_y":59.925220489502,"rotation":0,"time":5483,"visible":true},{"position_x":493.407653808594,"position_y":59.925220489502,"rotation":0,"time":5499,"visible":true},{"position_x":481.740997314453,"position_y":59.925220489502,"rotation":0,"time":5516,"visible":true},{"position_x":470.074340820312,"position_y":59.925220489502,"rotation":0,"time":5533,"visible":true},{"position_x":458.407684326172,"position_y":59.925220489502,"rotation":0,"time":5549,"visible":true},{"position_x":446.741027832031,"position_y":59.925220489502,"rotation":0,"time":5566,"visible":true},{"position_x":435.074371337891,"position_y":59.925220489502,"rotation":0,"time":5583,"visible":true},{"position_x":423.40771484375,"position_y":59.925220489502,"rotation":0,"time":5599,"visible":true},{"position_x":411.741058349609,"position_y":59.925220489502,"rotation":0,"time":5616,"visible":true},{"position_x":398.674377441406,"position_y":61.5585556030273,"rotation":0,"time":5633,"visible":true},{"position_x":385.607696533203,"position_y":64.8252258300781,"rotation":0,"time":5649,"visible":true},{"position_x":372.541015625,"position_y":69.725227355957,"rotation":0,"time":5666,"visible":true},{"position_x":359.474334716797,"position_y":76.2585601806641,"rotation":0,"time":5683,"visible":true},{"position_x":346.407653808594,"position_y":84.4252243041992,"rotation":0,"time":5699,"visible":true},{"position_x":333.340972900391,"position_y":94.225227355957,"rotation":0,"time":5716,"visible":true},{"position_x":320.274291992188,"position_y":105.658561706543,"rotation":0,"time":5733,"visible":true},{"position_x":307.207611083984,"position_y":118.725227355957,"rotation":0,"time":5749,"visible":true},{"position_x":298.340942382812,"position_y":133.425231933594,"rotation":0,"time":5766,"visible":true},{"position_x":293.674285888672,"position_y":149.758575439453,"rotation":0,"time":5783,"visible":true},{"position_x":293.207611083984,"position_y":167.725250244141,"rotation":0,"time":5799,"visible":true},{"position_x":294.140930175781,"position_y":187.325256347656,"rotation":0,"time":5816,"visible":true},{"position_x":296.474273681641,"position_y":208.55859375,"rotation":0,"time":5833,"visible":true},{"position_x":300.207611083984,"position_y":231.425262451172,"rotation":0,"time":5850,"visible":true},{"position_x":305.340942382812,"position_y":255.925262451172,"rotation":0,"time":5866,"visible":true},{"position_x":311.874267578125,"position_y":282.05859375,"rotation":0,"time":5883,"visible":true},{"position_x":319.807586669922,"position_y":309.825256347656,"rotation":0,"time":5899,"visible":true},{"position_x":329.140930175781,"position_y":339.225250244141,"rotation":0,"time":5916,"visible":true},{"position_x":339.874267578125,"position_y":370.258575439453,"rotation":0,"time":5933,"visible":true},{"position_x":352.007598876953,"position_y":402.925231933594,"rotation":0,"time":5949,"visible":true},{"position_x":365.540924072266,"position_y":419.925170898438,"rotation":0,"time":5966,"visible":true},{"position_x":377.207580566406,"position_y":419.925170898438,"rotation":0,"time":5983,"visible":true},{"position_x":388.874237060547,"position_y":419.925170898438,"rotation":0,"time":5999,"visible":true},{"position_x":400.540893554688,"position_y":419.925170898438,"rotation":0,"time":6016,"visible":true},{"position_x":412.207550048828,"position_y":419.925170898438,"rotation":0,"time":6033,"visible":true},{"position_x":420.957550048828,"position_y":419.998260498047,"rotation":0,"time":6049,"visible":true},{"position_x":420.957550048828,"position_y":419.998260498047,"rotation":0,"time":6066,"visible":true},{"position_x":420.957550048828,"position_y":419.998260498047,"rotation":0,"time":6083,"visible":true},{"position_x":420.957550048828,"position_y":419.998260498047,"rotation":0,"time":6099,"visible":true},{"position_x":420.957550048828,"position_y":419.998260498047,"rotation":0,"time":6116,"visible":true},{"position_x":419.557556152344,"position_y":419.925262451172,"rotation":0,"time":6133,"visible":true},{"position_x":416.757568359375,"position_y":419.925262451172,"rotation":0,"time":6150,"visible":true},{"position_x":412.557556152344,"position_y":419.925262451172,"rotation":0,"time":6166,"visible":true},{"position_x":406.957550048828,"position_y":419.925262451172,"rotation":0,"time":6183,"visible":true},{"position_x":399.957550048828,"position_y":419.925262451172,"rotation":0,"time":6199,"visible":true},{"position_x":391.557556152344,"position_y":419.925262451172,"rotation":0,"time":6216,"visible":true},{"position_x":381.757568359375,"position_y":419.925262451172,"rotation":0,"time":6233,"visible":true},{"position_x":370.557556152344,"position_y":419.925262451172,"rotation":0,"time":6249,"visible":true},{"position_x":358.890899658203,"position_y":419.925262451172,"rotation":0,"time":6266,"visible":true},{"position_x":347.224243164062,"position_y":419.925262451172,"rotation":0,"time":6283,"visible":true},{"position_x":335.557586669922,"position_y":419.925262451172,"rotation":0,"time":6299,"visible":true},{"position_x":323.890930175781,"position_y":419.925262451172,"rotation":0,"time":6316,"visible":true},{"position_x":316.890930175781,"position_y":419.925262451172,"rotation":0,"time":6333,"visible":true},{"position_x":312.69091796875,"position_y":419.925262451172,"rotation":0,"time":6349,"visible":true},{"position_x":310.170928955078,"position_y":419.925262451172,"rotation":0,"time":6366,"visible":true},{"position_x":308.658935546875,"position_y":419.925262451172,"rotation":0,"time":6383,"visible":true},{"position_x":307.751739501953,"position_y":419.925262451172,"rotation":0,"time":6399,"visible":true},{"position_x":307.207427978516,"position_y":419.925262451172,"rotation":0,"time":6416,"visible":true},{"position_x":306.880828857422,"position_y":419.925262451172,"rotation":0,"time":6433,"visible":true},{"position_x":306.684875488281,"position_y":419.925262451172,"rotation":0,"time":6449,"visible":true},{"position_x":306.567291259766,"position_y":419.925262451172,"rotation":0,"time":6466,"visible":true},{"position_x":306.496734619141,"position_y":419.925262451172,"rotation":0,"time":6483,"visible":true},{"position_x":306.454406738281,"position_y":419.925262451172,"rotation":0,"time":6499,"visible":true},{"position_x":306.429016113281,"position_y":419.925262451172,"rotation":0,"time":6516,"visible":true},{"position_x":306.413787841797,"position_y":419.925262451172,"rotation":0,"time":6533,"visible":true},{"position_x":306.404632568359,"position_y":419.925262451172,"rotation":0,"time":6549,"visible":true},{"position_x":306.399139404297,"position_y":419.925262451172,"rotation":0,"time":6566,"visible":true},{"position_x":306.395843505859,"position_y":419.925262451172,"rotation":0,"time":6583,"visible":true},{"position_x":306.393859863281,"position_y":419.925262451172,"rotation":0,"time":6599,"visible":true},{"position_x":306.392669677734,"position_y":419.925262451172,"rotation":0,"time":6616,"visible":true},{"position_x":306.391967773438,"position_y":419.925262451172,"rotation":0,"time":6633,"visible":true},{"position_x":306.391540527344,"position_y":419.925262451172,"rotation":0,"time":6649,"visible":true},{"position_x":306.391296386719,"position_y":419.925262451172,"rotation":0,"time":6666,"visible":true},{"position_x":306.391143798828,"position_y":419.925262451172,"rotation":0,"time":6683,"visible":true},{"position_x":306.391052246094,"position_y":419.925262451172,"rotation":0,"time":6699,"visible":true},{"position_x":304.990966796875,"position_y":419.925262451172,"rotation":0,"time":6716,"visible":true},{"position_x":302.190887451172,"position_y":419.925262451172,"rotation":0,"time":6733,"visible":true},{"position_x":300.510833740234,"position_y":419.925262451172,"rotation":0,"time":6749,"visible":true},{"position_x":298.830780029297,"position_y":421.55859375,"rotation":0,"time":6766,"visible":true},{"position_x":297.150726318359,"position_y":424.825256347656,"rotation":0,"time":6783,"visible":true},{"position_x":295.470672607422,"position_y":429.725250244141,"rotation":0,"time":6799,"visible":true},{"position_x":293.790618896484,"position_y":436.258575439453,"rotation":0,"time":6816,"visible":true},{"position_x":292.110565185547,"position_y":444.425231933594,"rotation":0,"time":6833,"visible":true},{"position_x":290.430511474609,"position_y":454.225219726562,"rotation":0,"time":6849,"visible":true},{"position_x":288.750457763672,"position_y":465.658569335938,"rotation":0,"time":6866,"visible":true},{"position_x":287.070404052734,"position_y":478.725250244141,"rotation":0,"time":6883,"visible":true},{"position_x":289.590362548828,"position_y":493.425262451172,"rotation":0,"time":6899,"visible":true},{"position_x":293.510314941406,"position_y":509.758605957031,"rotation":0,"time":6916,"visible":true},{"position_x":298.830261230469,"position_y":527.725280761719,"rotation":0,"time":6933,"visible":true},{"position_x":300.924987792969,"position_y":547.325317382812,"rotation":0,"time":6950,"visible":true},{"position_x":300.92529296875,"position_y":567.072326660156,"rotation":0,"time":6966,"visible":true},{"position_x":300.92529296875,"position_y":586.9560546875,"rotation":0,"time":6983,"visible":true},{"position_x":300.92529296875,"position_y":606.966918945312,"rotation":0,"time":6999,"visible":true},{"position_x":300.92529296875,"position_y":627.096008300781,"rotation":0,"time":7016,"visible":true},{"position_x":300.92529296875,"position_y":647.335083007812,"rotation":0,"time":7033,"visible":true},{"position_x":300.92529296875,"position_y":667.676391601562,"rotation":0,"time":7050,"visible":true},{"position_x":302.325286865234,"position_y":688.11279296875,"rotation":0,"time":7066,"visible":true},{"position_x":305.125274658203,"position_y":710.182556152344,"rotation":0,"time":7083,"visible":true},{"position_x":309.325286865234,"position_y":733.885620117188,"rotation":0,"time":7099,"visible":true},{"position_x":314.92529296875,"position_y":759.222045898438,"rotation":0,"time":7116,"visible":true},{"position_x":321.92529296875,"position_y":779.925170898438,"rotation":0,"time":7133,"visible":true},{"position_x":330.325286865234,"position_y":779.925170898438,"rotation":0,"time":7149,"visible":true},{"position_x":340.125274658203,"position_y":779.925170898438,"rotation":0,"time":7166,"visible":true},{"position_x":351.325286865234,"position_y":779.925170898438,"rotation":0,"time":7183,"visible":true},{"position_x":362.992340087891,"position_y":748.257507324219,"rotation":0,"time":7200,"visible":true},{"position_x":376.059020996094,"position_y":718.224182128906,"rotation":0,"time":7216,"visible":true},{"position_x":390.525695800781,"position_y":689.824157714844,"rotation":0,"time":7233,"visible":true},{"position_x":406.392364501953,"position_y":663.057495117188,"rotation":0,"time":7250,"visible":true},{"position_x":422.259033203125,"position_y":657.075927734375,"rotation":0,"time":7266,"visible":true},{"position_x":438.125701904297,"position_y":658.709289550781,"rotation":0,"time":7283,"visible":true},{"position_x":453.992370605469,"position_y":661.975952148438,"rotation":0,"time":7299,"visible":true},{"position_x":469.859039306641,"position_y":666.8759765625,"rotation":0,"time":7316,"visible":true},{"position_x":485.725708007812,"position_y":673.409301757812,"rotation":0,"time":7333,"visible":true},{"position_x":501.592376708984,"position_y":681.575988769531,"rotation":0,"time":7349,"visible":true},{"position_x":517.459045410156,"position_y":691.3759765625,"rotation":0,"time":7366,"visible":true},{"position_x":533.32568359375,"position_y":702.809326171875,"rotation":0,"time":7383,"visible":true},{"position_x":549.192321777344,"position_y":715.8759765625,"rotation":0,"time":7399,"visible":true},{"position_x":565.058959960938,"position_y":730.575988769531,"rotation":0,"time":7416,"visible":true},{"position_x":580.925598144531,"position_y":746.909301757812,"rotation":0,"time":7433,"visible":true},{"position_x":596.792236328125,"position_y":764.8759765625,"rotation":0,"time":7449,"visible":true},{"position_x":612.658874511719,"position_y":779.924011230469,"rotation":0,"time":7466,"visible":true},{"position_x":624.325561523438,"position_y":779.924011230469,"rotation":0,"time":7483,"visible":true},{"position_x":635.992248535156,"position_y":779.924011230469,"rotation":0,"time":7499,"visible":true},{"position_x":647.658935546875,"position_y":779.924011230469,"rotation":0,"time":7516,"visible":true},{"position_x":659.325622558594,"position_y":779.924011230469,"rotation":0,"time":7533,"visible":true},{"position_x":670.992309570312,"position_y":779.924011230469,"rotation":0,"time":7549,"visible":true},{"position_x":682.658996582031,"position_y":779.924011230469,"rotation":0,"time":7566,"visible":true}]