[{"position_x":-420,"position_y":60,"rotation":0,"time":0,"visible":true},{"position_x":-420,"position_y":60,"rotation":0,"time":0,"visible":true},{"position_x":-420,"position_y":60,"rotation":0,"time":0,"visible":true},{"position_x":-420,"position_y":60,"rotation":0,"time":0,"visible":true},{"position_x":-420,"position_y":60,"rotation":0,"time":0,"visible":true},{"position_x":-420,"position_y":60,"rotation":0,"time":0,"visible":true},{"position_x":-420,"position_y":60,"rotation":0,"time":0,"visible":true},{"position_x":-420,"position_y":60,"rotation":0,"time":0,"visible":true},{"position_x":-420,"position_y":60,"rotation":0,"time":0,"visible":true},{"position_x":-420,"position_y":60,"rotation":0,"time":0,"visible":true},{"position_x":-420,"position_y":60,"rotation":0,"time":0,"visible":true},{"position_x":-420,"position_y":60,"rotation":0,"time":0,"visible":true},{"position_x":-420,"position_y":60,"rotation":0,"time":0,"visible":true},{"position_x":-420,"position_y":60,"rotation":0,"time":0,"visible":true},{"position_x":-420,"position_y":60,"rotation":0,"time":0,"visible":true},{"position_x":-420,"position_y":60,"rotation":0,"time":0,"visible":true},{"position_x":-420,"position_y":60,"rotation":0,"time":0,"visible":true},{"position_x":-420,"position_y":60,"rotation":0,"time":0,"visible":true},{"position_x":-420,"position_y":60,"rotation":0,"time":0,"visible":true},{"position_x":-420,"position_y":60,"rotation":0,"time":0,"visible":true},{"position_x":-420,"position_y":60,"rotation":0,"time":0,"visible":true},{"position_x":-420,"position_y":60,"rotation":0,"time":0,"visible":true},{"position_x":-420,"position_y":60,"rotation":0,"time":0,"visible":true},{"position_x":-420,"position_y":60,"rotation":0,"time":0,"visible":true},{"position_x":-420,"position_y":60,"rotation":0,"time":0,"visible":true},{"position_x":-420,"position_y":60,"rotation":0,"time":0,"visible":true},{"position_x":-420,"position_y":60,"rotation":0,"time":0,"visible":true},{"position_x":-420,"position_y":60,"rotation":0,"time":0,"visible":true},{"position_x":-420,"position_y":60,"rotation":0,"time":0,"visible":true},{"position_x":-420,"position_y":60,"rotation":0,"time":0,"visible":true},{"position_x":-420,"position_y":60,"rotation":0,"time":0,"visible":true},{"position_x":-420,"position_y":60,"rotation":0,"time":0,"visible":true},{"position_x":-420,"position_y":60,"rotation":0,"time":0,"visible":true},{"position_x":-420,"position_y":60,"rotation":0,"time":0,"visible":true},{"position_x":-420,"position_y":60,"rotation":0,"time":0,"visible":true},{"position_x":-420,"position_y":60,"rotation":0,"time":0,"visible":true},{"position_x":-420,"position_y":60,"rotation":0,"time":0,"visible":true},{"position_x":-420,"position_y":60,"rotation":0,"time":0,"visible":true},{"position_x":-420,"position_y":60,"rotation":0,"time":0,"visible":true},{"position_x":-420,"position_y":60,"rotation":0,"time":0,"visible":true},{"position_x":-420,"position_y":60,"rotation":0,"time":0,"visible":true},{"position_x":-420,"position_y":60,"rotation":0,"time":0,"visible":true},{"position_x":-420,"position_y":60,"rotation":0,"time":0,"visible":true},{"position_x":-420,"position_y":60,"rotation":0,"time":0,"visible":true},{"position_x":-420,"position_y":60,"rotation":0,"time":0,"visible":true},{"position_x":-420,"position_y":60,"rotation":0,"time":0,"visible":true},{"position_x":-420,"position_y":60,"rotation":0,"time":0,"visible":true},{"position_x":-420,"position_y":60,"rotation":0,"time":0,"visible":true},{"position_x":-420,"position_y":60,"rotation":0,"time":0,"visible":true},{"position_x":-420,"position_y":60,"rotation":0,"time":0,"visible":true},{"position_x":-420,"position_y":60,"rotation":0,"time":0,"visible":true},{"position_x":-420,"position_y":60,"rotation":0,"time":0,"visible":true},{"position_x":-420,"position_y":60,"rotation":0,"time":0,"visible":true},{"position_x":-420,"position_y":60,"rotation":0,"time":0,"visible":true},{"position_x":-420,"position_y":60,"rotation":0,"time":0,"visible":true},{"position_x":-420,"position_y":60,"rotation":0,"time":0,"visible":true},{"position_x":-420,"position_y":60,"rotation":0,"time":0,"visible":true},{"position_x":-420,"position_y":60,"rotation":0,"time":0,"visible":true},{"position_x":-420,"position_y":60,"rotation":0,"time":0,"visible":true},{"position_x":-420,"position_y":60,"rotation":0,"time":0,"visible":true},{"position_x":-420,"position_y":60,"rotation":0,"time":0,"visible":true},{"position_x":-420,"position_y":60,"rotation":0,"time":0,"visible":true},{"position_x":-420,"position_y":60,"rotation":0,"time":0,"visible":true},{"position_x":-420,"position_y":60,"rotation":0,"time":0,"visible":true},{"position_x":-420,"position_y":60,"rotation":0,"time":0,"visible":true},{"position_x":-420,"position_y":60,"rotation":0,"time":0,"visible":true},{"position_x":-420,"position_y":60,"rotation":0,"time":0,"visible":true},{"position_x":-420,"position_y":60,"rotation":0,"time":0,"visible":true},{"position_x":-420,"position_y":60,"rotation":0,"time":0,"visible":true},{"position_x":-420,"position_y":60,"rotation":0,"time":0,"visible":true},{"position_x":-420,"position_y":60,"rotation":0,"time":0,"visible":true},{"position_x":-420,"position_y":60,"rotation":0,"time":0,"visible":true},{"position_x":-420,"position_y":60,"rotation":0,"time":0,"visible":true},{"position_x":-420,"position_y":60,"rotation":0,"time":0,"visible":true},{"position_x":-420,"position_y":60,"rotation":0,"time":0,"visible":true},{"position_x":-420,"position_y":60,"rotation":0,"time":0,"visible":true},{"position_x":-420,"position_y":60,"rotation":0,"time":0,"visible":true},{"position_x":-420,"position_y":60,"rotation":0,"time":0,"visible":true},{"position_x":-420,"position_y":60,"rotation":0,"time":0,"visible":true},{"position_x":-420,"position_y":60,"rotation":0,"time":0,"visible":true},{"position_x":-420,"position_y":60,"rotation":0,"time":0,"visible":true},{"position_x":-420,"position_y":60,"rotation":0,"time":0,"visible":true},{"position_x":-420,"position_y":60,"rotation":0,"time":0,"visible":true},{"position_x":-420,"position_y":60,"rotation":0,"time":0,"visible":true},{"position_x":-420,"position_y":60,"rotation":0,"time":0,"visible":true},{"position_x":-420,"position_y":60,"rotation":0,"time":0,"visible":true},{"position_x":-420,"position_y":60,"rotation":0,"time":0,"visible":true},{"position_x":-420,"position_y":60,"rotation":0,"time":0,"visible":true},{"position_x":-420,"position_y":60,"rotation":0,"time":0,"visible":true},{"position_x":-420,"position_y":60,"rotation":0,"time":0,"visible":true},{"position_x":-420,"position_y":60,"rotation":0,"time":0,"visible":true},{"position_x":-420,"position_y":60,"rotation":0,"time":0,"visible":true},{"position_x":-420,"position_y":60,"rotation":0,"time":0,"visible":true},{"position_x":-420,"position_y":60,"rotation":0,"time":0,"visible":true},{"position_x":-420,"position_y":60,"rotation":0,"time":0,"visible":true},{"position_x":-420,"position_y":60,"rotation":0,"time":0,"visible":true},{"position_x":-420,"position_y":60,"rotation":0,"time":0,"visible":true},{"position_x":-420,"position_y":60,"rotation":0,"time":0,"visible":true},{"position_x":-420,"position_y":60,"rotation":0,"time":0,"visible":true},{"position_x":-420,"position_y":60,"rotation":0,"time":0,"visible":true},{"position_x":-420,"position_y":60,"rotation":0,"time":0,"visible":true},{"position_x":-420,"position_y":60,"rotation":0,"time":0,"visible":true},{"position_x":-420,"position_y":60,"rotation":0,"time":0,"visible":true},{"position_x":-420,"position_y":60,"rotation":0,"time":0,"visible":true},{"position_x":-420,"position_y":60,"rotation":0,"time":0,"visible":true},{"position_x":-420,"position_y":60,"rotation":0,"time":0,"visible":true},{"position_x":-420,"position_y":60,"rotation":0,"time":0,"visible":true},{"position_x":-420,"position_y":60,"rotation":0,"time":0,"visible":true},{"position_x":-420,"position_y":60,"rotation":0,"time":0,"visible":true},{"position_x":-420,"position_y":60,"rotation":0,"time":0,"visible":true},{"position_x":-420,"position_y":60,"rotation":0,"time":0,"visible":true},{"position_x":-420,"position_y":60,"rotation":0,"time":0,"visible":true},{"position_x":-420,"position_y":60,"rotation":0,"time":0,"visible":true},{"position_x":-420,"position_y":60,"rotation":0,"time":0,"visible":true},{"position_x":-420,"position_y":60,"rotation":0,"time":0,"visible":true},{"position_x":-420,"position_y":60,"rotation":0,"time":0,"visible":true},{"position_x":-420,"position_y":60,"rotation":0,"time":0,"visible":true},{"position_x":-420,"position_y":60,"rotation":0,"time":0,"visible":true},{"position_x":-420,"position_y":60,"rotation":0,"time":0,"visible":true},{"position_x":-420,"position_y":60,"rotation":0,"time":0,"visible":true},{"position_x":-420,"position_y":60,"rotation":0,"time":0,"visible":true},{"position_x":-420,"position_y":60,"rotation":0,"time":0,"visible":true},{"position_x":-420,"position_y":28.2586059570312,"rotation":0,"time":0,"visible":true},{"position_x":-420,"position_y":-1.77472877502441,"rotation":0,"time":17,"visible":true},{"position_x":-418.600006103516,"position_y":-30.1747283935547,"rotation":0,"time":33,"visible":true},{"position_x":-415.800018310547,"position_y":-56.9413909912109,"rotation":0,"time":50,"visible":true},{"position_x":-411.600006103516,"position_y":-82.0747222900391,"rotation":0,"time":67,"visible":true},{"position_x":-406,"position_y":-105.574729919434,"rotation":0,"time":83,"visible":true},{"position_x":-399,"position_y":-127.441398620605,"rotation":0,"time":100,"visible":true},{"position_x":-390.600006103516,"position_y":-147.674728393555,"rotation":0,"time":117,"visible":true},{"position_x":-380.800018310547,"position_y":-166.27473449707,"rotation":0,"time":133,"visible":true},{"position_x":-369.600006103516,"position_y":-183.241394042969,"rotation":0,"time":150,"visible":true},{"position_x":-357,"position_y":-198.574722290039,"rotation":0,"time":167,"visible":true},{"position_x":-343,"position_y":-212.274719238281,"rotation":0,"time":183,"visible":true},{"position_x":-327.600006103516,"position_y":-224.341384887695,"rotation":0,"time":200,"visible":true},{"position_x":-312.200012207031,"position_y":-234.774719238281,"rotation":0,"time":217,"visible":true},{"position_x":-296.800018310547,"position_y":-243.574722290039,"rotation":0,"time":233,"visible":true},{"position_x":-281.400024414062,"position_y":-250.741394042969,"rotation":0,"time":250,"visible":true},{"position_x":-266.000030517578,"position_y":-256.274719238281,"rotation":0,"time":267,"visible":true},{"position_x":-250.600036621094,"position_y":-260.174713134766,"rotation":0,"time":283,"visible":true},{"position_x":-235.200042724609,"position_y":-262.441375732422,"rotation":0,"time":300,"visible":true},{"position_x":-219.800048828125,"position_y":-263.07470703125,"rotation":0,"time":317,"visible":true},{"position_x":-204.400054931641,"position_y":-262.07470703125,"rotation":0,"time":333,"visible":true},{"position_x":-189.000061035156,"position_y":-259.441375732422,"rotation":0,"time":350,"visible":true},{"position_x":-173.600067138672,"position_y":-255.174713134766,"rotation":0,"time":367,"visible":true},{"position_x":-158.200073242188,"position_y":-249.274719238281,"rotation":0,"time":383,"visible":true},{"position_x":-142.800079345703,"position_y":-241.74137878418,"rotation":0,"time":400,"visible":true},{"position_x":-127.400077819824,"position_y":-232.57470703125,"rotation":0,"time":417,"visible":true},{"position_x":-112.000076293945,"position_y":-221.774703979492,"rotation":0,"time":433,"visible":true},{"position_x":-96.6000747680664,"position_y":-209.341369628906,"rotation":0,"time":450,"visible":true},{"position_x":-81.2000732421875,"position_y":-195.274703979492,"rotation":0,"time":467,"visible":true},{"position_x":-65.8000717163086,"position_y":-179.57470703125,"rotation":0,"time":483,"visible":true},{"position_x":-50.4000701904297,"position_y":-162.24137878418,"rotation":0,"time":500,"visible":true},{"position_x":-35.0000686645508,"position_y":-143.274703979492,"rotation":0,"time":517,"visible":true},{"position_x":-19.6000671386719,"position_y":-122.674705505371,"rotation":0,"time":533,"visible":true},{"position_x":-4.20006847381592,"position_y":-100.441375732422,"rotation":0,"time":550,"visible":true},{"position_x":11.1999311447144,"position_y":-76.57470703125,"rotation":0,"time":567,"visible":true},{"position_x":26.5999298095703,"position_y":-51.07470703125,"rotation":0,"time":583,"visible":true},{"position_x":41.9999313354492,"position_y":-23.9413738250732,"rotation":0,"time":600,"visible":true},{"position_x":57.3999328613281,"position_y":4.82529830932617,"rotation":0,"time":616,"visible":true},{"position_x":72.799934387207,"position_y":35.2252998352051,"rotation":0,"time":633,"visible":true},{"position_x":88.1999359130859,"position_y":59.9240226745605,"rotation":0,"time":650,"visible":true},{"position_x":99.8666000366211,"position_y":59.9240226745605,"rotation":0,"time":667,"visible":true},{"position_x":111.533264160156,"position_y":59.9240226745605,"rotation":0,"time":683,"visible":true},{"position_x":123.199928283691,"position_y":59.9240226745605,"rotation":0,"time":700,"visible":true},{"position_x":134.866592407227,"position_y":59.9240226745605,"rotation":0,"time":717,"visible":true},{"position_x":146.533264160156,"position_y":59.9240226745605,"rotation":0,"time":733,"visible":true},{"position_x":158.199935913086,"position_y":59.9240226745605,"rotation":0,"time":750,"visible":true},{"position_x":169.866607666016,"position_y":59.9240226745605,"rotation":0,"time":767,"visible":true},{"position_x":181.533279418945,"position_y":59.9240226745605,"rotation":0,"time":783,"visible":true},{"position_x":193.199951171875,"position_y":59.9240226745605,"rotation":0,"time":800,"visible":true},{"position_x":204.866622924805,"position_y":59.9240226745605,"rotation":0,"time":817,"visible":true},{"position_x":216.533294677734,"position_y":59.9240226745605,"rotation":0,"time":833,"visible":true},{"position_x":228.199966430664,"position_y":59.9240226745605,"rotation":0,"time":850,"visible":true},{"position_x":239.866638183594,"position_y":59.9240226745605,"rotation":0,"time":867,"visible":true},{"position_x":251.533309936523,"position_y":59.9240226745605,"rotation":0,"time":884,"visible":true},{"position_x":263.199981689453,"position_y":59.9240226745605,"rotation":0,"time":900,"visible":true},{"position_x":274.866638183594,"position_y":59.9240226745605,"rotation":0,"time":917,"visible":true},{"position_x":286.533294677734,"position_y":59.9240226745605,"rotation":0,"time":933,"visible":true},{"position_x":298.199951171875,"position_y":59.9240226745605,"rotation":0,"time":950,"visible":true},{"position_x":300.979888916016,"position_y":59.9982223510742,"rotation":0,"time":967,"visible":true},{"position_x":300.979888916016,"position_y":59.9982223510742,"rotation":0,"time":983,"visible":true},{"position_x":300.979888916016,"position_y":59.9982223510742,"rotation":0,"time":1000,"visible":true},{"position_x":300.92626953125,"position_y":30.5482196807861,"rotation":0,"time":1017,"visible":true},{"position_x":300.92626953125,"position_y":2.73155212402344,"rotation":0,"time":1034,"visible":true},{"position_x":300.92626953125,"position_y":-23.4517822265625,"rotation":0,"time":1050,"visible":true},{"position_x":300.92626953125,"position_y":-50.7794494628906,"rotation":0,"time":1066,"visible":true},{"position_x":300.92626953125,"position_y":-79.2514495849609,"rotation":0,"time":1083,"visible":true},{"position_x":300.92626953125,"position_y":-108.867782592773,"rotation":0,"time":1100,"visible":true},{"position_x":300.92626953125,"position_y":-139.628448486328,"rotation":0,"time":1117,"visible":true},{"position_x":300.92626953125,"position_y":-171.533447265625,"rotation":0,"time":1133,"visible":true},{"position_x":300.92626953125,"position_y":-204.582778930664,"rotation":0,"time":1150,"visible":true},{"position_x":300.92626953125,"position_y":-238.776443481445,"rotation":0,"time":1167,"visible":true},{"position_x":300.92626953125,"position_y":-274.114440917969,"rotation":0,"time":1183,"visible":true},{"position_x":300.92626953125,"position_y":-307.819091796875,"rotation":0,"time":1200,"visible":true},{"position_x":300.92626953125,"position_y":-339.890411376953,"rotation":0,"time":1217,"visible":true},{"position_x":300.92626953125,"position_y":-370.328399658203,"rotation":0,"time":1233,"visible":true},{"position_x":300.92626953125,"position_y":-399.133056640625,"rotation":0,"time":1250,"visible":true},{"position_x":300.92626953125,"position_y":-426.304382324219,"rotation":0,"time":1266,"visible":true},{"position_x":300.92626953125,"position_y":-451.842376708984,"rotation":0,"time":1283,"visible":true},{"position_x":300.92626953125,"position_y":-475.747039794922,"rotation":0,"time":1300,"visible":true},{"position_x":300.92626953125,"position_y":-500.796020507812,"rotation":0,"time":1316,"visible":true},{"position_x":300.92626953125,"position_y":-526.989379882812,"rotation":0,"time":1333,"visible":true},{"position_x":300.92626953125,"position_y":-554.327026367188,"rotation":0,"time":1350,"visible":true},{"position_x":300.92626953125,"position_y":-582.809020996094,"rotation":0,"time":1367,"visible":true},{"position_x":300.92626953125,"position_y":-612.435363769531,"rotation":0,"time":1383,"visible":true},{"position_x":300.92626953125,"position_y":-643.205993652344,"rotation":0,"time":1400,"visible":true},{"position_x":300.92626953125,"position_y":-675.120971679688,"rotation":0,"time":1417,"visible":true},{"position_x":300.92626953125,"position_y":-708.180297851562,"rotation":0,"time":1433,"visible":true},{"position_x":300.92626953125,"position_y":-742.383972167969,"rotation":0,"time":1450,"visible":true},{"position_x":300.92626953125,"position_y":-774.954284667969,"rotation":0,"time":1467,"visible":true},{"position_x":300.92626953125,"position_y":-805.891296386719,"rotation":0,"time":1483,"visible":true},{"position_x":300.92626953125,"position_y":-835.194946289062,"rotation":0,"time":1500,"visible":true},{"position_x":300.92626953125,"position_y":-862.865295410156,"rotation":0,"time":1516,"visible":true},{"position_x":300.92626953125,"position_y":-888.902282714844,"rotation":0,"time":1534,"visible":true},{"position_x":300.92626953125,"position_y":-913.305908203125,"rotation":0,"time":1550,"visible":true},{"position_x":300.92626953125,"position_y":-936.076232910156,"rotation":0,"time":1567,"visible":true},{"position_x":300.92626953125,"position_y":-957.213195800781,"rotation":0,"time":1583,"visible":true},{"position_x":300.92626953125,"position_y":-976.716857910156,"rotation":0,"time":1600,"visible":true},{"position_x":300.92626953125,"position_y":-994.587158203125,"rotation":0,"time":1617,"visible":true},{"position_x":300.92626953125,"position_y":-1010.82415771484,"rotation":0,"time":1633,"visible":true},{"position_x":300.92626953125,"position_y":-1025.42785644531,"rotation":0,"time":1650,"visible":true},{"position_x":300.92626953125,"position_y":-1038.39819335938,"rotation":0,"time":1666,"visible":true},{"position_x":300.92626953125,"position_y":-1049.73522949219,"rotation":0,"time":1683,"visible":true},{"position_x":302.326263427734,"position_y":-1059.43884277344,"rotation":0,"time":1700,"visible":true},{"position_x":305.126251220703,"position_y":-1067.50915527344,"rotation":0,"time":1717,"visible":true},{"position_x":309.326263427734,"position_y":-1073.94616699219,"rotation":0,"time":1733,"visible":true},{"position_x":314.92626953125,"position_y":-1078.74987792969,"rotation":0,"time":1750,"visible":true},{"position_x":321.92626953125,"position_y":-1081.92016601562,"rotation":0,"time":1766,"visible":true},{"position_x":330.326263427734,"position_y":-1083.45715332031,"rotation":0,"time":1783,"visible":true},{"position_x":340.126251220703,"position_y":-1083.36083984375,"rotation":0,"time":1800,"visible":true},{"position_x":351.326263427734,"position_y":-1081.63110351562,"rotation":0,"time":1817,"visible":true},{"position_x":363.92626953125,"position_y":-1078.26806640625,"rotation":0,"time":1833,"visible":true},{"position_x":377.92626953125,"position_y":-1073.27172851562,"rotation":0,"time":1850,"visible":true},{"position_x":393.326263427734,"position_y":-1066.64208984375,"rotation":0,"time":1867,"visible":true},{"position_x":408.726257324219,"position_y":-1058.37902832031,"rotation":0,"time":1883,"visible":true},{"position_x":424.126251220703,"position_y":-1048.48266601562,"rotation":0,"time":1900,"visible":true},{"position_x":439.526245117188,"position_y":-1036.95300292969,"rotation":0,"time":1916,"visible":true},{"position_x":454.926239013672,"position_y":-1023.78997802734,"rotation":0,"time":1933,"visible":true},{"position_x":470.326232910156,"position_y":-1020.07598876953,"rotation":0,"time":1950,"visible":true},{"position_x":481.992919921875,"position_y":-1051.74267578125,"rotation":0,"time":1967,"visible":true},{"position_x":495.059600830078,"position_y":-1081.77600097656,"rotation":0,"time":1983,"visible":true},{"position_x":509.526275634766,"position_y":-1110.17602539062,"rotation":0,"time":2000,"visible":true},{"position_x":525.392944335938,"position_y":-1136.94274902344,"rotation":0,"time":2016,"visible":true},{"position_x":541.259643554688,"position_y":-1162.07604980469,"rotation":0,"time":2033,"visible":true},{"position_x":557.126281738281,"position_y":-1185.57604980469,"rotation":0,"time":2050,"visible":true},{"position_x":572.992919921875,"position_y":-1207.44274902344,"rotation":0,"time":2067,"visible":true},{"position_x":588.859558105469,"position_y":-1227.67602539062,"rotation":0,"time":2083,"visible":true},{"position_x":604.726196289062,"position_y":-1246.27600097656,"rotation":0,"time":2100,"visible":true},{"position_x":620.592834472656,"position_y":-1263.24267578125,"rotation":0,"time":2116,"visible":true},{"position_x":636.45947265625,"position_y":-1278.57604980469,"rotation":0,"time":2133,"visible":true},{"position_x":652.326171875,"position_y":-1292.27600097656,"rotation":0,"time":2150,"visible":true},{"position_x":668.192810058594,"position_y":-1304.34265136719,"rotation":0,"time":2167,"visible":true},{"position_x":684.059448242188,"position_y":-1314.77600097656,"rotation":0,"time":2183,"visible":true},{"position_x":699.926147460938,"position_y":-1323.57604980469,"rotation":0,"time":2200,"visible":true},{"position_x":715.792846679688,"position_y":-1330.74267578125,"rotation":0,"time":2216,"visible":true},{"position_x":731.659484863281,"position_y":-1336.27600097656,"rotation":0,"time":2233,"visible":true},{"position_x":747.526123046875,"position_y":-1340.17602539062,"rotation":0,"time":2250,"visible":true},{"position_x":763.392822265625,"position_y":-1342.44274902344,"rotation":0,"time":2266,"visible":true},{"position_x":779.259460449219,"position_y":-1343.07604980469,"rotation":0,"time":2283,"visible":true},{"position_x":795.126098632812,"position_y":-1342.07604980469,"rotation":0,"time":2300,"visible":true},{"position_x":810.992736816406,"position_y":-1339.44274902344,"rotation":0,"time":2317,"visible":true},{"position_x":826.859375,"position_y":-1335.17602539062,"rotation":0,"time":2333,"visible":true},{"position_x":842.726013183594,"position_y":-1329.27600097656,"rotation":0,"time":2350,"visible":true},{"position_x":858.592651367188,"position_y":-1321.74267578125,"rotation":0,"time":2366,"visible":true},{"position_x":874.459289550781,"position_y":-1312.57604980469,"rotation":0,"time":2383,"visible":true},{"position_x":890.325927734375,"position_y":-1301.77600097656,"rotation":0,"time":2400,"visible":true},{"position_x":906.192565917969,"position_y":-1289.34265136719,"rotation":0,"time":2417,"visible":true},{"position_x":922.059204101562,"position_y":-1275.27600097656,"rotation":0,"time":2433,"visible":true},{"position_x":937.925903320312,"position_y":-1259.57604980469,"rotation":0,"time":2450,"visible":true},{"position_x":953.792541503906,"position_y":-1242.24267578125,"rotation":0,"time":2466,"visible":true},{"position_x":969.6591796875,"position_y":-1223.27600097656,"rotation":0,"time":2483,"visible":true},{"position_x":985.525817871094,"position_y":-1202.67602539062,"rotation":0,"time":2500,"visible":true},{"position_x":1001.39245605469,"position_y":-1180.44274902344,"rotation":0,"time":2516,"visible":true},{"position_x":1017.25909423828,"position_y":-1156.57604980469,"rotation":0,"time":2533,"visible":true},{"position_x":1033.12573242188,"position_y":-1131.07604980469,"rotation":0,"time":2550,"visible":true},{"position_x":1048.99243164062,"position_y":-1103.94274902344,"rotation":0,"time":2566,"visible":true},{"position_x":1060.65905761719,"position_y":-1075.17602539062,"rotation":0,"time":2583,"visible":true},{"position_x":1068.12573242188,"position_y":-1044.77600097656,"rotation":0,"time":2600,"visible":true},{"position_x":1071.39245605469,"position_y":-1020.07482910156,"rotation":0,"time":2617,"visible":true},{"position_x":1070.45910644531,"position_y":-1020.07482910156,"rotation":0,"time":2633,"visible":true}]