[{"position_x":-300,"position_y":60,"rotation":0,"time":0,"visible":true},{"position_x":-300,"position_y":60,"rotation":0,"time":0,"visible":true},{"position_x":-300,"position_y":60,"rotation":0,"time":0,"visible":true},{"position_x":-300,"position_y":60,"rotation":0,"time":0,"visible":true},{"position_x":-300,"position_y":60,"rotation":0,"time":0,"visible":true},{"position_x":-300,"position_y":60,"rotation":0,"time":0,"visible":true},{"position_x":-300,"position_y":60,"rotation":0,"time":0,"visible":true},{"position_x":-300,"position_y":60,"rotation":0,"time":0,"visible":true},{"position_x":-300,"position_y":60,"rotation":0,"time":0,"visible":true},{"position_x":-300,"position_y":60,"rotation":0,"time":0,"visible":true},{"position_x":-300,"position_y":60,"rotation":0,"time":0,"visible":true},{"position_x":-300,"position_y":60,"rotation":0,"time":0,"visible":true},{"position_x":-300,"position_y":60,"rotation":0,"time":0,"visible":true},{"position_x":-300,"position_y":60,"rotation":0,"time":0,"visible":true},{"position_x":-300,"position_y":60,"rotation":0,"time":0,"visible":true},{"position_x":-300,"position_y":60,"rotation":0,"time":0,"visible":true},{"position_x":-300,"position_y":60,"rotation":0,"time":0,"visible":true},{"position_x":-300,"position_y":60,"rotation":0,"time":0,"visible":true},{"position_x":-300,"position_y":60,"rotation":0,"time":0,"visible":true},{"position_x":-300,"position_y":60,"rotation":0,"time":0,"visible":true},{"position_x":-300,"position_y":60,"rotation":0,"time":0,"visible":true},{"position_x":-300,"position_y":60,"rotation":0,"time":0,"visible":true},{"position_x":-300,"position_y":60,"rotation":0,"time":0,"visible":true},{"position_x":-300,"position_y":60,"rotation":0,"time":0,"visible":true},{"position_x":-300,"position_y":60,"rotation":0,"time":0,"visible":true},{"position_x":-300,"position_y":60,"rotation":0,"time":0,"visible":true},{"position_x":-300,"position_y":60,"rotation":0,"time":0,"visible":true},{"position_x":-300,"position_y":60,"rotation":0,"time":0,"visible":true},{"position_x":-300,"position_y":60,"rotation":0,"time":0,"visible":true},{"position_x":-300,"position_y":60,"rotation":0,"time":0,"visible":true},{"position_x":-300,"position_y":60,"rotation":0,"time":0,"visible":true},{"position_x":-300,"position_y":60,"rotation":0,"time":0,"visible":true},{"position_x":-300,"position_y":60,"rotation":0,"time":0,"visible":true},{"position_x":-300,"position_y":60,"rotation":0,"time":0,"visible":true},{"position_x":-300,"position_y":60,"rotation":0,"time":0,"visible":true},{"position_x":-300,"position_y":60,"rotation":0,"time":0,"visible":true},{"position_x":-300,"position_y":60,"rotation":0,"time":0,"visible":true},{"position_x":-300,"position_y":60,"rotation":0,"time":0,"visible":true},{"position_x":-300,"position_y":60,"rotation":0,"time":0,"visible":true},{"position_x":-300,"position_y":60,"rotation":0,"time":0,"visible":true},{"position_x":-300,"position_y":60,"rotation":0,"time":0,"visible":true},{"position_x":-300,"position_y":60,"rotation":0,"time":0,"visible":true},{"position_x":-300,"position_y":60,"rotation":0,"time":0,"visible":true},{"position_x":-300,"position_y":60,"rotation":0,"time":0,"visible":true},{"position_x":-300,"position_y":60,"rotation":0,"time":0,"visible":true},{"position_x":-300,"position_y":60,"rotation":0,"time":0,"visible":true},{"position_x":-300,"position_y":57.0183715820312,"rotation":0,"time":0,"visible":true},{"position_x":-298.571990966797,"position_y":58.6843681335449,"rotation":0,"time":17,"visible":true},{"position_x":-295.772003173828,"position_y":59.9240226745605,"rotation":0,"time":34,"visible":true},{"position_x":-291.571990966797,"position_y":57.075984954834,"rotation":0,"time":50,"visible":true},{"position_x":-285.971984863281,"position_y":58.7093200683594,"rotation":0,"time":67,"visible":true},{"position_x":-278.971984863281,"position_y":59.9240226745605,"rotation":0,"time":84,"visible":true},{"position_x":-270.571990966797,"position_y":57.075984954834,"rotation":0,"time":100,"visible":true},{"position_x":-260.772003173828,"position_y":58.7093200683594,"rotation":0,"time":117,"visible":true},{"position_x":-249.571990966797,"position_y":59.9240226745605,"rotation":0,"time":134,"visible":true},{"position_x":-237.905319213867,"position_y":57.075984954834,"rotation":0,"time":150,"visible":true},{"position_x":-224.838653564453,"position_y":58.7093200683594,"rotation":0,"time":167,"visible":true},{"position_x":-210.371978759766,"position_y":59.9240226745605,"rotation":0,"time":184,"visible":true},{"position_x":-198.705307006836,"position_y":57.075984954834,"rotation":0,"time":200,"visible":true},{"position_x":-185.638641357422,"position_y":58.7093200683594,"rotation":0,"time":217,"visible":true},{"position_x":-171.171966552734,"position_y":59.925220489502,"rotation":0,"time":233,"visible":true},{"position_x":-159.505294799805,"position_y":57.075984954834,"rotation":0,"time":250,"visible":true},{"position_x":-146.438629150391,"position_y":58.7093200683594,"rotation":0,"time":267,"visible":true},{"position_x":-131.971954345703,"position_y":59.9240226745605,"rotation":0,"time":284,"visible":true},{"position_x":-120.305290222168,"position_y":57.075984954834,"rotation":0,"time":300,"visible":true},{"position_x":-107.238624572754,"position_y":58.7093200683594,"rotation":0,"time":317,"visible":true},{"position_x":-92.7719573974609,"position_y":59.9240226745605,"rotation":0,"time":333,"visible":true},{"position_x":-81.1052932739258,"position_y":57.075984954834,"rotation":0,"time":350,"visible":true},{"position_x":-68.0386276245117,"position_y":58.7093200683594,"rotation":0,"time":367,"visible":true},{"position_x":-53.571964263916,"position_y":59.9240226745605,"rotation":0,"time":383,"visible":true},{"position_x":-41.9052963256836,"position_y":57.0750122070312,"rotation":0,"time":400,"visible":true},{"position_x":-28.8385105133057,"position_y":58.7083587646484,"rotation":0,"time":417,"visible":true},{"position_x":-14.3718423843384,"position_y":59.925220489502,"rotation":0,"time":434,"visible":true},{"position_x":-2.70517539978027,"position_y":57.0750122070312,"rotation":0,"time":450,"visible":true},{"position_x":10.3616104125977,"position_y":58.7083587646484,"rotation":0,"time":467,"visible":true},{"position_x":24.8282775878906,"position_y":59.925220489502,"rotation":0,"time":484,"visible":true},{"position_x":36.4949417114258,"position_y":57.0750122070312,"rotation":0,"time":500,"visible":true},{"position_x":49.5617294311523,"position_y":58.7083587646484,"rotation":0,"time":517,"visible":true},{"position_x":62.6283950805664,"position_y":59.925220489502,"rotation":0,"time":534,"visible":true},{"position_x":71.4950637817383,"position_y":28.2585487365723,"rotation":0,"time":550,"visible":true},{"position_x":76.1617279052734,"position_y":-1.7747859954834,"rotation":0,"time":567,"visible":true},{"position_x":76.6283950805664,"position_y":-30.1747894287109,"rotation":0,"time":584,"visible":true},{"position_x":75.6950607299805,"position_y":-56.9414558410645,"rotation":0,"time":600,"visible":true},{"position_x":73.3617248535156,"position_y":-82.0747909545898,"rotation":0,"time":617,"visible":true},{"position_x":69.6283874511719,"position_y":-105.57479095459,"rotation":0,"time":634,"visible":true},{"position_x":64.4950561523438,"position_y":-127.441459655762,"rotation":0,"time":650,"visible":true},{"position_x":59.0750732421875,"position_y":-147.674789428711,"rotation":0,"time":667,"visible":true},{"position_x":59.0747222900391,"position_y":-164.972793579102,"rotation":0,"time":684,"visible":true},{"position_x":59.0747146606445,"position_y":-179.540939331055,"rotation":0,"time":700,"visible":true},{"position_x":57.674732208252,"position_y":-191.570159912109,"rotation":0,"time":717,"visible":true},{"position_x":54.8747329711914,"position_y":-201.966201782227,"rotation":0,"time":733,"visible":true},{"position_x":50.674732208252,"position_y":-210.728912353516,"rotation":0,"time":750,"visible":true},{"position_x":45.0747299194336,"position_y":-217.858276367188,"rotation":0,"time":767,"visible":true},{"position_x":38.0747299194336,"position_y":-223.354309082031,"rotation":0,"time":784,"visible":true},{"position_x":29.6747303009033,"position_y":-227.217010498047,"rotation":0,"time":800,"visible":true},{"position_x":19.8747291564941,"position_y":-229.446380615234,"rotation":0,"time":817,"visible":true},{"position_x":8.67473030090332,"position_y":-230.042419433594,"rotation":0,"time":834,"visible":true},{"position_x":-3.92527103424072,"position_y":-229.005126953125,"rotation":0,"time":850,"visible":true},{"position_x":-17.9252700805664,"position_y":-226.334503173828,"rotation":0,"time":867,"visible":true},{"position_x":-33.3252716064453,"position_y":-222.030532836914,"rotation":0,"time":884,"visible":true},{"position_x":-48.7252731323242,"position_y":-216.093231201172,"rotation":0,"time":900,"visible":true},{"position_x":-64.1252746582031,"position_y":-208.522598266602,"rotation":0,"time":917,"visible":true},{"position_x":-79.525276184082,"position_y":-199.318634033203,"rotation":0,"time":934,"visible":true},{"position_x":-94.9252777099609,"position_y":-188.481338500977,"rotation":0,"time":950,"visible":true},{"position_x":-110.32527923584,"position_y":-180.075973510742,"rotation":0,"time":967,"visible":true},{"position_x":-121.991943359375,"position_y":-180.075973510742,"rotation":0,"time":984,"visible":true},{"position_x":-133.658615112305,"position_y":-180.075973510742,"rotation":0,"time":1000,"visible":true},{"position_x":-145.325286865234,"position_y":-180.075973510742,"rotation":0,"time":1017,"visible":true},{"position_x":-156.991958618164,"position_y":-180.075973510742,"rotation":0,"time":1034,"visible":true},{"position_x":-168.658630371094,"position_y":-180.075973510742,"rotation":0,"time":1050,"visible":true},{"position_x":-180.325302124023,"position_y":-180.075973510742,"rotation":0,"time":1067,"visible":true},{"position_x":-191.991973876953,"position_y":-180.075973510742,"rotation":0,"time":1084,"visible":true},{"position_x":-203.658645629883,"position_y":-180.075973510742,"rotation":0,"time":1100,"visible":true},{"position_x":-215.325317382812,"position_y":-180.075973510742,"rotation":0,"time":1117,"visible":true},{"position_x":-226.991989135742,"position_y":-180.075973510742,"rotation":0,"time":1134,"visible":true},{"position_x":-238.658660888672,"position_y":-180.075973510742,"rotation":0,"time":1150,"visible":true},{"position_x":-250.325332641602,"position_y":-180.075973510742,"rotation":0,"time":1167,"visible":true},{"position_x":-261.992004394531,"position_y":-180.075973510742,"rotation":0,"time":1184,"visible":true},{"position_x":-273.658660888672,"position_y":-180.075973510742,"rotation":0,"time":1200,"visible":true},{"position_x":-285.325317382812,"position_y":-180.075973510742,"rotation":0,"time":1217,"visible":true},{"position_x":-296.991973876953,"position_y":-180.075973510742,"rotation":0,"time":1233,"visible":true},{"position_x":-308.658630371094,"position_y":-180.075973510742,"rotation":0,"time":1250,"visible":true},{"position_x":-320.325286865234,"position_y":-180.075973510742,"rotation":0,"time":1267,"visible":true},{"position_x":-331.991943359375,"position_y":-180.075973510742,"rotation":0,"time":1284,"visible":true},{"position_x":-343.658599853516,"position_y":-180.075973510742,"rotation":0,"time":1300,"visible":true},{"position_x":-355.325256347656,"position_y":-180.075973510742,"rotation":0,"time":1317,"visible":true},{"position_x":-366.991912841797,"position_y":-180.075973510742,"rotation":0,"time":1334,"visible":true},{"position_x":-378.658569335938,"position_y":-180.075973510742,"rotation":0,"time":1350,"visible":true},{"position_x":-390.325225830078,"position_y":-180.075973510742,"rotation":0,"time":1367,"visible":true},{"position_x":-401.991882324219,"position_y":-180.075973510742,"rotation":0,"time":1384,"visible":true},{"position_x":-413.658538818359,"position_y":-180.075973510742,"rotation":0,"time":1400,"visible":true},{"position_x":-425.3251953125,"position_y":-180.075973510742,"rotation":0,"time":1417,"visible":true},{"position_x":-436.991851806641,"position_y":-180.075973510742,"rotation":0,"time":1433,"visible":true}]