[{"position_x":-300,"position_y":60,"rotation":0,"time":0,"visible":true},{"position_x":-300,"position_y":60,"rotation":0,"time":0,"visible":true},{"position_x":-300,"position_y":60,"rotation":0,"time":0,"visible":true},{"position_x":-300,"position_y":60,"rotation":0,"time":0,"visible":true},{"position_x":-300,"position_y":60,"rotation":0,"time":0,"visible":true},{"position_x":-300,"position_y":60,"rotation":0,"time":0,"visible":true},{"position_x":-300,"position_y":60,"rotation":0,"time":0,"visible":true},{"position_x":-300,"position_y":60,"rotation":0,"time":0,"visible":true},{"position_x":-300,"position_y":60,"rotation":0,"time":0,"visible":true},{"position_x":-300,"position_y":60,"rotation":0,"time":0,"visible":true},{"position_x":-300,"position_y":60,"rotation":0,"time":0,"visible":true},{"position_x":-300,"position_y":60,"rotation":0,"time":0,"visible":true},{"position_x":-300,"position_y":60,"rotation":0,"time":0,"visible":true},{"position_x":-300,"position_y":60,"rotation":0,"time":0,"visible":true},{"position_x":-300,"position_y":60,"rotation":0,"time":0,"visible":true},{"position_x":-300,"position_y":60,"rotation":0,"time":0,"visible":true},{"position_x":-300,"position_y":60,"rotation":0,"time":0,"visible":true},{"position_x":-300,"position_y":60,"rotation":0,"time":0,"visible":true},{"position_x":-298.600006103516,"position_y":60,"rotation":0,"time":0,"visible":true},{"position_x":-295.800018310547,"position_y":60,"rotation":0,"time":17,"visible":true},{"position_x":-291.600006103516,"position_y":60,"rotation":0,"time":33,"visible":true},{"position_x":-286,"position_y":60,"rotation":0,"time":50,"visible":true},{"position_x":-279,"position_y":60,"rotation":0,"time":67,"visible":true},{"position_x":-270.600006103516,"position_y":60,"rotation":0,"time":83,"visible":true},{"position_x":-260.800018310547,"position_y":60,"rotation":0,"time":100,"visible":true},{"position_x":-249.600021362305,"position_y":60,"rotation":0,"time":117,"visible":true},{"position_x":-237.933349609375,"position_y":60,"rotation":0,"time":133,"visible":true},{"position_x":-226.266677856445,"position_y":60,"rotation":0,"time":150,"visible":true},{"position_x":-214.600006103516,"position_y":60,"rotation":0,"time":167,"visible":true},{"position_x":-202.933334350586,"position_y":60,"rotation":0,"time":183,"visible":true},{"position_x":-191.266662597656,"position_y":60,"rotation":0,"time":200,"visible":true},{"position_x":-179.599990844727,"position_y":60,"rotation":0,"time":217,"visible":true},{"position_x":-166.533325195312,"position_y":61.6333312988281,"rotation":0,"time":233,"visible":true},{"position_x":-152.066665649414,"position_y":64.9000015258789,"rotation":0,"time":250,"visible":true},{"position_x":-136.199996948242,"position_y":69.8000030517578,"rotation":0,"time":267,"visible":true},{"position_x":-120.33332824707,"position_y":61.3333358764648,"rotation":0,"time":283,"visible":true},{"position_x":-104.466659545898,"position_y":54.5000038146973,"rotation":0,"time":300,"visible":true},{"position_x":-88.5999908447266,"position_y":49.3000030517578,"rotation":0,"time":316,"visible":true},{"position_x":-72.7333221435547,"position_y":45.7333374023438,"rotation":0,"time":333,"visible":true},{"position_x":-56.8666534423828,"position_y":43.8000030517578,"rotation":0,"time":350,"visible":true},{"position_x":-40.9999847412109,"position_y":43.5000038146973,"rotation":0,"time":366,"visible":true},{"position_x":-25.1333160400391,"position_y":44.8333358764648,"rotation":0,"time":383,"visible":true},{"position_x":-9.26664638519287,"position_y":47.8000030517578,"rotation":0,"time":400,"visible":true},{"position_x":6.600022315979,"position_y":52.4000053405762,"rotation":0,"time":417,"visible":true},{"position_x":22.4666900634766,"position_y":58.6333389282227,"rotation":0,"time":433,"visible":true},{"position_x":38.3333587646484,"position_y":59.9252433776855,"rotation":0,"time":450,"visible":true},{"position_x":50.0000267028809,"position_y":59.9252433776855,"rotation":0,"time":467,"visible":true},{"position_x":61.6666946411133,"position_y":59.9252433776855,"rotation":0,"time":483,"visible":true},{"position_x":73.3333587646484,"position_y":59.9252433776855,"rotation":0,"time":500,"visible":true},{"position_x":85.0000228881836,"position_y":59.9252433776855,"rotation":0,"time":517,"visible":true},{"position_x":96.6666870117188,"position_y":59.9252433776855,"rotation":0,"time":533,"visible":true},{"position_x":108.333351135254,"position_y":59.9252433776855,"rotation":0,"time":550,"visible":true},{"position_x":120.000015258789,"position_y":59.9252433776855,"rotation":0,"time":567,"visible":true},{"position_x":131.666687011719,"position_y":59.9252433776855,"rotation":0,"time":583,"visible":true},{"position_x":143.333358764648,"position_y":59.9252433776855,"rotation":0,"time":600,"visible":true},{"position_x":155.000427246094,"position_y":28.257495880127,"rotation":0,"time":617,"visible":true},{"position_x":168.067092895508,"position_y":-1.77584266662598,"rotation":0,"time":633,"visible":true},{"position_x":182.533767700195,"position_y":-30.1758480072021,"rotation":0,"time":650,"visible":true},{"position_x":198.400436401367,"position_y":-56.9425201416016,"rotation":0,"time":667,"visible":true},{"position_x":214.267105102539,"position_y":-82.0758590698242,"rotation":0,"time":683,"visible":true},{"position_x":230.133773803711,"position_y":-120.575866699219,"rotation":0,"time":700,"visible":true},{"position_x":246.000442504883,"position_y":-157.442535400391,"rotation":0,"time":717,"visible":true},{"position_x":261.867095947266,"position_y":-192.675872802734,"rotation":0,"time":733,"visible":true},{"position_x":277.733764648438,"position_y":-226.27587890625,"rotation":0,"time":750,"visible":true},{"position_x":293.600433349609,"position_y":-258.242553710938,"rotation":0,"time":767,"visible":true},{"position_x":309.467102050781,"position_y":-288.575897216797,"rotation":0,"time":783,"visible":true},{"position_x":325.333770751953,"position_y":-317.275909423828,"rotation":0,"time":800,"visible":true},{"position_x":341.200439453125,"position_y":-344.342590332031,"rotation":0,"time":817,"visible":true},{"position_x":357.067108154297,"position_y":-369.775939941406,"rotation":0,"time":833,"visible":true},{"position_x":372.933776855469,"position_y":-393.575927734375,"rotation":0,"time":850,"visible":true},{"position_x":388.800445556641,"position_y":-415.742584228516,"rotation":0,"time":867,"visible":true},{"position_x":404.667114257812,"position_y":-436.275909423828,"rotation":0,"time":883,"visible":true},{"position_x":420.533782958984,"position_y":-455.175903320312,"rotation":0,"time":900,"visible":true},{"position_x":436.400451660156,"position_y":-472.442565917969,"rotation":0,"time":917,"visible":true},{"position_x":452.267120361328,"position_y":-488.075897216797,"rotation":0,"time":933,"visible":true},{"position_x":468.1337890625,"position_y":-502.075897216797,"rotation":0,"time":950,"visible":true},{"position_x":484.000457763672,"position_y":-514.442565917969,"rotation":0,"time":967,"visible":true},{"position_x":499.867126464844,"position_y":-525.175903320312,"rotation":0,"time":983,"visible":true},{"position_x":515.733764648438,"position_y":-534.27587890625,"rotation":0,"time":1000,"visible":true},{"position_x":531.600402832031,"position_y":-541.742553710938,"rotation":0,"time":1017,"visible":true},{"position_x":547.467041015625,"position_y":-547.575866699219,"rotation":0,"time":1033,"visible":true},{"position_x":563.333679199219,"position_y":-551.77587890625,"rotation":0,"time":1050,"visible":true},{"position_x":579.200317382812,"position_y":-554.342529296875,"rotation":0,"time":1066,"visible":true},{"position_x":595.067016601562,"position_y":-555.27587890625,"rotation":0,"time":1083,"visible":true},{"position_x":610.933654785156,"position_y":-554.575866699219,"rotation":0,"time":1100,"visible":true},{"position_x":626.80029296875,"position_y":-552.242553710938,"rotation":0,"time":1117,"visible":true},{"position_x":642.6669921875,"position_y":-548.27587890625,"rotation":0,"time":1133,"visible":true},{"position_x":658.533630371094,"position_y":-542.675903320312,"rotation":0,"time":1150,"visible":true},{"position_x":674.400268554688,"position_y":-535.442565917969,"rotation":0,"time":1167,"visible":true},{"position_x":690.266906738281,"position_y":-526.575927734375,"rotation":0,"time":1183,"visible":true},{"position_x":706.133544921875,"position_y":-516.075927734375,"rotation":0,"time":1200,"visible":true},{"position_x":722.000183105469,"position_y":-503.942596435547,"rotation":0,"time":1217,"visible":true},{"position_x":737.866821289062,"position_y":-490.175933837891,"rotation":0,"time":1233,"visible":true},{"position_x":753.733459472656,"position_y":-474.775939941406,"rotation":0,"time":1250,"visible":true},{"position_x":769.60009765625,"position_y":-457.742614746094,"rotation":0,"time":1266,"visible":true},{"position_x":785.466796875,"position_y":-439.075958251953,"rotation":0,"time":1283,"visible":true},{"position_x":801.333435058594,"position_y":-418.775970458984,"rotation":0,"time":1300,"visible":true},{"position_x":817.200073242188,"position_y":-396.842651367188,"rotation":0,"time":1317,"visible":true},{"position_x":833.066772460938,"position_y":-373.275970458984,"rotation":0,"time":1333,"visible":true},{"position_x":848.933471679688,"position_y":-348.075958251953,"rotation":0,"time":1350,"visible":true},{"position_x":864.800109863281,"position_y":-321.242614746094,"rotation":0,"time":1367,"visible":true},{"position_x":880.666748046875,"position_y":-292.775939941406,"rotation":0,"time":1383,"visible":true},{"position_x":896.533447265625,"position_y":-262.675933837891,"rotation":0,"time":1400,"visible":true},{"position_x":912.400146484375,"position_y":-230.942596435547,"rotation":0,"time":1417,"visible":true},{"position_x":928.266845703125,"position_y":-197.575927734375,"rotation":0,"time":1433,"visible":true},{"position_x":944.133483886719,"position_y":-162.575927734375,"rotation":0,"time":1450,"visible":true},{"position_x":960.000122070312,"position_y":-125.942596435547,"rotation":0,"time":1467,"visible":true},{"position_x":975.866821289062,"position_y":-87.6759185791016,"rotation":0,"time":1483,"visible":true},{"position_x":991.733459472656,"position_y":-47.7759170532227,"rotation":0,"time":1500,"visible":true},{"position_x":1007.60009765625,"position_y":-6.24258041381836,"rotation":0,"time":1517,"visible":true},{"position_x":1023.466796875,"position_y":36.9240913391113,"rotation":0,"time":1533,"visible":true},{"position_x":1039.33349609375,"position_y":59.9240226745605,"rotation":0,"time":1550,"visible":true},{"position_x":1051.00012207031,"position_y":59.9240226745605,"rotation":0,"time":1567,"visible":true},{"position_x":1062.66674804688,"position_y":59.9240226745605,"rotation":0,"time":1583,"visible":true},{"position_x":1074.33337402344,"position_y":59.9240226745605,"rotation":0,"time":1600,"visible":true},{"position_x":1086,"position_y":59.9240226745605,"rotation":0,"time":1617,"visible":true},{"position_x":1097.66662597656,"position_y":59.9240226745605,"rotation":0,"time":1633,"visible":true},{"position_x":1109.33325195312,"position_y":59.9240226745605,"rotation":0,"time":1650,"visible":true},{"position_x":1120.99987792969,"position_y":59.9240226745605,"rotation":0,"time":1666,"visible":true},{"position_x":1132.66650390625,"position_y":59.9240226745605,"rotation":0,"time":1683,"visible":true},{"position_x":1144.33312988281,"position_y":59.9240226745605,"rotation":0,"time":1700,"visible":true},{"position_x":1155.99975585938,"position_y":59.9240226745605,"rotation":0,"time":1717,"visible":true},{"position_x":1167.66638183594,"position_y":59.9240226745605,"rotation":0,"time":1733,"visible":true},{"position_x":1179.3330078125,"position_y":59.9240226745605,"rotation":0,"time":1750,"visible":true},{"position_x":1190.99963378906,"position_y":59.9240226745605,"rotation":0,"time":1767,"visible":true},{"position_x":1202.66625976562,"position_y":59.9240226745605,"rotation":0,"time":1783,"visible":true},{"position_x":1214.33288574219,"position_y":59.9240226745605,"rotation":0,"time":1800,"visible":true},{"position_x":1225.99951171875,"position_y":59.9240226745605,"rotation":0,"time":1817,"visible":true},{"position_x":1237.66613769531,"position_y":59.9240226745605,"rotation":0,"time":1833,"visible":true},{"position_x":1249.33276367188,"position_y":59.9240226745605,"rotation":0,"time":1850,"visible":true},{"position_x":1260.99938964844,"position_y":59.9240226745605,"rotation":0,"time":1866,"visible":true},{"position_x":1274.06604003906,"position_y":61.5573577880859,"rotation":0,"time":1883,"visible":true},{"position_x":1288.53271484375,"position_y":64.8240280151367,"rotation":0,"time":1900,"visible":true},{"position_x":1304.3994140625,"position_y":69.7240295410156,"rotation":0,"time":1917,"visible":true},{"position_x":1320.26611328125,"position_y":76.2573623657227,"rotation":0,"time":1933,"visible":true},{"position_x":1336.1328125,"position_y":84.4240264892578,"rotation":0,"time":1950,"visible":true},{"position_x":1351.99951171875,"position_y":94.2240295410156,"rotation":0,"time":1967,"visible":true},{"position_x":1367.8662109375,"position_y":105.657363891602,"rotation":0,"time":1983,"visible":true},{"position_x":1383.73291015625,"position_y":118.724029541016,"rotation":0,"time":2000,"visible":true},{"position_x":1399.599609375,"position_y":133.424026489258,"rotation":0,"time":2016,"visible":true},{"position_x":1415.46630859375,"position_y":149.757354736328,"rotation":0,"time":2033,"visible":true},{"position_x":1431.3330078125,"position_y":167.724029541016,"rotation":0,"time":2050,"visible":true},{"position_x":1447.19970703125,"position_y":187.324035644531,"rotation":0,"time":2066,"visible":true},{"position_x":1463.06640625,"position_y":208.557373046875,"rotation":0,"time":2083,"visible":true},{"position_x":1478.93310546875,"position_y":231.424041748047,"rotation":0,"time":2100,"visible":true},{"position_x":1494.7998046875,"position_y":255.924041748047,"rotation":0,"time":2117,"visible":true},{"position_x":1510.66650390625,"position_y":282.057373046875,"rotation":0,"time":2133,"visible":true},{"position_x":1526.533203125,"position_y":299.925170898438,"rotation":0,"time":2150,"visible":true},{"position_x":1538.2001953125,"position_y":268.257507324219,"rotation":0,"time":2167,"visible":true},{"position_x":1551.26684570312,"position_y":238.224166870117,"rotation":0,"time":2183,"visible":true},{"position_x":1565.73352050781,"position_y":209.824157714844,"rotation":0,"time":2200,"visible":true},{"position_x":1581.60021972656,"position_y":183.057495117188,"rotation":0,"time":2216,"visible":true},{"position_x":1597.46691894531,"position_y":157.924163818359,"rotation":0,"time":2233,"visible":true},{"position_x":1613.33361816406,"position_y":134.424163818359,"rotation":0,"time":2250,"visible":true},{"position_x":1629.20031738281,"position_y":112.557495117188,"rotation":0,"time":2266,"visible":true},{"position_x":1645.06701660156,"position_y":92.3241577148438,"rotation":0,"time":2283,"visible":true},{"position_x":1660.93371582031,"position_y":73.7241592407227,"rotation":0,"time":2300,"visible":true},{"position_x":1676.80041503906,"position_y":56.7574920654297,"rotation":0,"time":2317,"visible":true},{"position_x":1692.66711425781,"position_y":41.4241561889648,"rotation":0,"time":2333,"visible":true},{"position_x":1708.53381347656,"position_y":27.7241554260254,"rotation":0,"time":2350,"visible":true},{"position_x":1724.40051269531,"position_y":15.6574878692627,"rotation":0,"time":2367,"visible":true},{"position_x":1740.26721191406,"position_y":5.22415447235107,"rotation":0,"time":2383,"visible":true},{"position_x":1756.13391113281,"position_y":-3.57584667205811,"rotation":0,"time":2400,"visible":true},{"position_x":1772.00061035156,"position_y":-10.7425146102905,"rotation":0,"time":2416,"visible":true},{"position_x":1787.86730957031,"position_y":-16.2758483886719,"rotation":0,"time":2433,"visible":true},{"position_x":1803.73400878906,"position_y":-20.1758480072021,"rotation":0,"time":2450,"visible":true},{"position_x":1819.60070800781,"position_y":-22.4425144195557,"rotation":0,"time":2466,"visible":true},{"position_x":1835.46740722656,"position_y":-23.0758476257324,"rotation":0,"time":2483,"visible":true},{"position_x":1851.33410644531,"position_y":-22.0758476257324,"rotation":0,"time":2500,"visible":true},{"position_x":1867.20080566406,"position_y":-19.4425144195557,"rotation":0,"time":2517,"visible":true},{"position_x":1883.06750488281,"position_y":-15.1758480072021,"rotation":0,"time":2533,"visible":true},{"position_x":1898.93420410156,"position_y":-9.27584838867188,"rotation":0,"time":2550,"visible":true},{"position_x":1914.80090332031,"position_y":-1.74251461029053,"rotation":0,"time":2566,"visible":true},{"position_x":1930.66760253906,"position_y":7.42415237426758,"rotation":0,"time":2583,"visible":true},{"position_x":1946.53430175781,"position_y":18.2241516113281,"rotation":0,"time":2600,"visible":true},{"position_x":1962.40100097656,"position_y":30.6574859619141,"rotation":0,"time":2617,"visible":true},{"position_x":1978.26770019531,"position_y":44.7241516113281,"rotation":0,"time":2633,"visible":true},{"position_x":1994.13439941406,"position_y":60.4241561889648,"rotation":0,"time":2650,"visible":true},{"position_x":2010.00109863281,"position_y":77.7574920654297,"rotation":0,"time":2666,"visible":true},{"position_x":2025.86779785156,"position_y":96.7241592407227,"rotation":0,"time":2683,"visible":true},{"position_x":2041.73449707031,"position_y":117.324157714844,"rotation":0,"time":2700,"visible":true},{"position_x":2057.60107421875,"position_y":139.557495117188,"rotation":0,"time":2716,"visible":true},{"position_x":2073.4677734375,"position_y":163.424163818359,"rotation":0,"time":2733,"visible":true},{"position_x":2089.33447265625,"position_y":179.925262451172,"rotation":0,"time":2750,"visible":true},{"position_x":2101.00122070312,"position_y":179.925262451172,"rotation":0,"time":2766,"visible":true},{"position_x":2112.66796875,"position_y":179.925262451172,"rotation":0,"time":2783,"visible":true},{"position_x":2124.33471679688,"position_y":179.925262451172,"rotation":0,"time":2800,"visible":true},{"position_x":2136.00146484375,"position_y":179.925262451172,"rotation":0,"time":2817,"visible":true},{"position_x":2147.66821289062,"position_y":179.925262451172,"rotation":0,"time":2833,"visible":true},{"position_x":2159.3349609375,"position_y":179.925262451172,"rotation":0,"time":2850,"visible":true},{"position_x":2171.00170898438,"position_y":179.925262451172,"rotation":0,"time":2866,"visible":true},{"position_x":2182.66845703125,"position_y":179.925262451172,"rotation":0,"time":2883,"visible":true},{"position_x":2194.33520507812,"position_y":179.925262451172,"rotation":0,"time":2900,"visible":true},{"position_x":2206.001953125,"position_y":179.925262451172,"rotation":0,"time":2916,"visible":true},{"position_x":2217.66870117188,"position_y":179.925262451172,"rotation":0,"time":2933,"visible":true},{"position_x":2220.99560546875,"position_y":179.998229980469,"rotation":0,"time":2950,"visible":true},{"position_x":2220.99560546875,"position_y":179.998229980469,"rotation":0,"time":2966,"visible":true},{"position_x":2220.99560546875,"position_y":179.998229980469,"rotation":0,"time":2983,"visible":true},{"position_x":2220.99560546875,"position_y":179.998229980469,"rotation":0,"time":3000,"visible":true},{"position_x":2220.99560546875,"position_y":179.998229980469,"rotation":0,"time":3016,"visible":true},{"position_x":2220.923828125,"position_y":148.331558227539,"rotation":0,"time":3033,"visible":true},{"position_x":2220.923828125,"position_y":118.298225402832,"rotation":0,"time":3050,"visible":true},{"position_x":2220.923828125,"position_y":89.8982238769531,"rotation":0,"time":3066,"visible":true},{"position_x":2220.923828125,"position_y":63.1315536499023,"rotation":0,"time":3083,"visible":true},{"position_x":2220.923828125,"position_y":37.998218536377,"rotation":0,"time":3100,"visible":true},{"position_x":2220.923828125,"position_y":14.4982166290283,"rotation":0,"time":3117,"visible":true},{"position_x":2220.923828125,"position_y":-22.3684520721436,"rotation":0,"time":3133,"visible":true},{"position_x":2220.923828125,"position_y":-57.6017837524414,"rotation":0,"time":3150,"visible":true},{"position_x":2220.923828125,"position_y":-91.2017822265625,"rotation":0,"time":3166,"visible":true},{"position_x":2220.923828125,"position_y":-123.168449401855,"rotation":0,"time":3183,"visible":true},{"position_x":2220.923828125,"position_y":-168.50178527832,"rotation":0,"time":3200,"visible":true},{"position_x":2220.923828125,"position_y":-212.201782226562,"rotation":0,"time":3216,"visible":true},{"position_x":2220.923828125,"position_y":-254.268447875977,"rotation":0,"time":3233,"visible":true},{"position_x":2220.923828125,"position_y":-294.701782226562,"rotation":0,"time":3250,"visible":true},{"position_x":2220.923828125,"position_y":-333.501770019531,"rotation":0,"time":3267,"visible":true},{"position_x":2220.923828125,"position_y":-368.066772460938,"rotation":0,"time":3283,"visible":true},{"position_x":2220.923828125,"position_y":-398.693237304688,"rotation":0,"time":3300,"visible":true},{"position_x":2220.923828125,"position_y":-425.656829833984,"rotation":0,"time":3317,"visible":true},{"position_x":2220.92529296875,"position_y":-449.213989257812,"rotation":0,"time":3333,"visible":true},{"position_x":2220.92529296875,"position_y":-469.603118896484,"rotation":0,"time":3350,"visible":true},{"position_x":2220.92529296875,"position_y":-487.046020507812,"rotation":0,"time":3366,"visible":true},{"position_x":2220.92529296875,"position_y":-501.748901367188,"rotation":0,"time":3383,"visible":true},{"position_x":2220.92529296875,"position_y":-513.903625488281,"rotation":0,"time":3400,"visible":true},{"position_x":2220.92529296875,"position_y":-523.6884765625,"rotation":0,"time":3416,"visible":true},{"position_x":2220.92529296875,"position_y":-531.269409179688,"rotation":0,"time":3433,"visible":true},{"position_x":2220.92529296875,"position_y":-536.800659179688,"rotation":0,"time":3450,"visible":true},{"position_x":2220.92529296875,"position_y":-540.425720214844,"rotation":0,"time":3466,"visible":true},{"position_x":2222.3251953125,"position_y":-542.278015136719,"rotation":0,"time":3483,"visible":true},{"position_x":2225.12524414062,"position_y":-542.497009277344,"rotation":0,"time":3500,"visible":true},{"position_x":2229.3251953125,"position_y":-541.082641601562,"rotation":0,"time":3517,"visible":true},{"position_x":2234.92504882812,"position_y":-540.074768066406,"rotation":0,"time":3533,"visible":true},{"position_x":2241.92504882812,"position_y":-540.074768066406,"rotation":0,"time":3550,"visible":true},{"position_x":2250.32495117188,"position_y":-540.074768066406,"rotation":0,"time":3566,"visible":true},{"position_x":2260.125,"position_y":-540.074768066406,"rotation":0,"time":3583,"visible":true},{"position_x":2271.32495117188,"position_y":-540.074768066406,"rotation":0,"time":3600,"visible":true},{"position_x":2282.99169921875,"position_y":-540.074768066406,"rotation":0,"time":3616,"visible":true},{"position_x":2294.65844726562,"position_y":-540.074768066406,"rotation":0,"time":3633,"visible":true},{"position_x":2306.3251953125,"position_y":-540.074768066406,"rotation":0,"time":3650,"visible":true},{"position_x":2317.99194335938,"position_y":-540.074768066406,"rotation":0,"time":3667,"visible":true},{"position_x":2329.65869140625,"position_y":-540.074768066406,"rotation":0,"time":3683,"visible":true},{"position_x":2341.32543945312,"position_y":-540.074768066406,"rotation":0,"time":3700,"visible":true},{"position_x":2352.9921875,"position_y":-540.074768066406,"rotation":0,"time":3717,"visible":true},{"position_x":2364.65893554688,"position_y":-540.074768066406,"rotation":0,"time":3733,"visible":true},{"position_x":2376.32568359375,"position_y":-540.074768066406,"rotation":0,"time":3750,"visible":true},{"position_x":2387.99243164062,"position_y":-540.074768066406,"rotation":0,"time":3767,"visible":true},{"position_x":2399.6591796875,"position_y":-540.074768066406,"rotation":0,"time":3783,"visible":true},{"position_x":2411.32592773438,"position_y":-540.074768066406,"rotation":0,"time":3800,"visible":true},{"position_x":2422.99267578125,"position_y":-540.074768066406,"rotation":0,"time":3816,"visible":true},{"position_x":2434.65942382812,"position_y":-540.074768066406,"rotation":0,"time":3833,"visible":true},{"position_x":2446.326171875,"position_y":-540.074768066406,"rotation":0,"time":3850,"visible":true},{"position_x":2457.99291992188,"position_y":-540.074768066406,"rotation":0,"time":3867,"visible":true},{"position_x":2469.65966796875,"position_y":-540.074768066406,"rotation":0,"time":3883,"visible":true},{"position_x":2481.32641601562,"position_y":-540.074768066406,"rotation":0,"time":3900,"visible":true}]