[{"position_x":-300,"position_y":60,"rotation":0,"time":0,"visible":true},{"position_x":-300,"position_y":60,"rotation":0,"time":0,"visible":true},{"position_x":-300,"position_y":60,"rotation":0,"time":0,"visible":true},{"position_x":-300,"position_y":60,"rotation":0,"time":0,"visible":true},{"position_x":-300,"position_y":60,"rotation":0,"time":0,"visible":true},{"position_x":-300,"position_y":60,"rotation":0,"time":0,"visible":true},{"position_x":-300,"position_y":60,"rotation":0,"time":0,"visible":true},{"position_x":-300,"position_y":60,"rotation":0,"time":0,"visible":true},{"position_x":-300,"position_y":60,"rotation":0,"time":0,"visible":true},{"position_x":-300,"position_y":60,"rotation":0,"time":0,"visible":true},{"position_x":-300,"position_y":60,"rotation":0,"time":0,"visible":true},{"position_x":-300,"position_y":60,"rotation":0,"time":0,"visible":true},{"position_x":-300,"position_y":60,"rotation":0,"time":0,"visible":true},{"position_x":-300,"position_y":60,"rotation":0,"time":0,"visible":true},{"position_x":-300,"position_y":60,"rotation":0,"time":0,"visible":true},{"position_x":-300,"position_y":60,"rotation":0,"time":0,"visible":true},{"position_x":-300,"position_y":60,"rotation":0,"time":0,"visible":true},{"position_x":-300,"position_y":60,"rotation":0,"time":0,"visible":true},{"position_x":-300,"position_y":60,"rotation":0,"time":0,"visible":true},{"position_x":-300,"position_y":60,"rotation":0,"time":0,"visible":true},{"position_x":-300,"position_y":60,"rotation":0,"time":0,"visible":true},{"position_x":-300,"position_y":60,"rotation":0,"time":0,"visible":true},{"position_x":-300,"position_y":60,"rotation":0,"time":0,"visible":true},{"position_x":-300,"position_y":60,"rotation":0,"time":0,"visible":true},{"position_x":-300,"position_y":60,"rotation":0,"time":0,"visible":true},{"position_x":-300,"position_y":60,"rotation":0,"time":0,"visible":true},{"position_x":-300,"position_y":60,"rotation":0,"time":0,"visible":true},{"position_x":-300,"position_y":60,"rotation":0,"time":0,"visible":true},{"position_x":-300,"position_y":60,"rotation":0,"time":0,"visible":true},{"position_x":-300,"position_y":60,"rotation":0,"time":0,"visible":true},{"position_x":-300,"position_y":60,"rotation":0,"time":0,"visible":true},{"position_x":-300,"position_y":60,"rotation":0,"time":0,"visible":true},{"position_x":-300,"position_y":60,"rotation":0,"time":0,"visible":true},{"position_x":-300,"position_y":60,"rotation":0,"time":0,"visible":true},{"position_x":-300,"position_y":60,"rotation":0,"time":0,"visible":true},{"position_x":-300,"position_y":60,"rotation":0,"time":0,"visible":true},{"position_x":-300,"position_y":60,"rotation":0,"time":0,"visible":true},{"position_x":-300,"position_y":60,"rotation":0,"time":0,"visible":true},{"position_x":-300,"position_y":60,"rotation":0,"time":0,"visible":true},{"position_x":-300,"position_y":60,"rotation":0,"time":0,"visible":true},{"position_x":-300,"position_y":60,"rotation":0,"time":0,"visible":true},{"position_x":-300,"position_y":60,"rotation":0,"time":0,"visible":true},{"position_x":-300,"position_y":60,"rotation":0,"time":0,"visible":true},{"position_x":-300,"position_y":60,"rotation":0,"time":0,"visible":true},{"position_x":-300,"position_y":60,"rotation":0,"time":0,"visible":true},{"position_x":-300,"position_y":60,"rotation":0,"time":0,"visible":true},{"position_x":-300,"position_y":60,"rotation":0,"time":0,"visible":true},{"position_x":-300,"position_y":60,"rotation":0,"time":0,"visible":true},{"position_x":-300,"position_y":60,"rotation":0,"time":0,"visible":true},{"position_x":-300,"position_y":60,"rotation":0,"time":0,"visible":true},{"position_x":-300,"position_y":60,"rotation":0,"time":0,"visible":true},{"position_x":-300,"position_y":60,"rotation":0,"time":0,"visible":true},{"position_x":-300,"position_y":60,"rotation":0,"time":0,"visible":true},{"position_x":-300,"position_y":60,"rotation":0,"time":0,"visible":true},{"position_x":-300,"position_y":60,"rotation":0,"time":0,"visible":true},{"position_x":-300,"position_y":60,"rotation":0,"time":0,"visible":true},{"position_x":-300,"position_y":60,"rotation":0,"time":0,"visible":true},{"position_x":-300,"position_y":60,"rotation":0,"time":0,"visible":true},{"position_x":-300,"position_y":60,"rotation":0,"time":0,"visible":true},{"position_x":-300,"position_y":60,"rotation":0,"time":0,"visible":true},{"position_x":-300,"position_y":60,"rotation":0,"time":0,"visible":true},{"position_x":-300,"position_y":60,"rotation":0,"time":0,"visible":true},{"position_x":-300,"position_y":60,"rotation":0,"time":0,"visible":true},{"position_x":-300,"position_y":60,"rotation":0,"time":0,"visible":true},{"position_x":-300,"position_y":60,"rotation":0,"time":0,"visible":true},{"position_x":-300,"position_y":60,"rotation":0,"time":0,"visible":true},{"position_x":-300,"position_y":60,"rotation":0,"time":0,"visible":true},{"position_x":-300,"position_y":60,"rotation":0,"time":0,"visible":true},{"position_x":-300,"position_y":60,"rotation":0,"time":0,"visible":true},{"position_x":-300,"position_y":60,"rotation":0,"time":0,"visible":true},{"position_x":-300,"position_y":60,"rotation":0,"time":0,"visible":true},{"position_x":-300,"position_y":60,"rotation":0,"time":0,"visible":true},{"position_x":-300,"position_y":60,"rotation":0,"time":0,"visible":true},{"position_x":-300,"position_y":60,"rotation":0,"time":0,"visible":true},{"position_x":-300,"position_y":60,"rotation":0,"time":0,"visible":true},{"position_x":-300,"position_y":60,"rotation":0,"time":0,"visible":true},{"position_x":-300,"position_y":60,"rotation":0,"time":0,"visible":true},{"position_x":-300,"position_y":60,"rotation":0,"time":0,"visible":true},{"position_x":-300,"position_y":60,"rotation":0,"time":0,"visible":true},{"position_x":-300,"position_y":60,"rotation":0,"time":0,"visible":true},{"position_x":-300,"position_y":60,"rotation":0,"time":0,"visible":true},{"position_x":-300,"position_y":60,"rotation":0,"time":0,"visible":true},{"position_x":-300,"position_y":60,"rotation":0,"time":0,"visible":true},{"position_x":-300,"position_y":60,"rotation":0,"time":0,"visible":true},{"position_x":-300,"position_y":60,"rotation":0,"time":0,"visible":true},{"position_x":-300,"position_y":60,"rotation":0,"time":0,"visible":true},{"position_x":-300,"position_y":60,"rotation":0,"time":0,"visible":true},{"position_x":-300,"position_y":60,"rotation":0,"time":0,"visible":true},{"position_x":-300,"position_y":60,"rotation":0,"time":0,"visible":true},{"position_x":-300,"position_y":60,"rotation":0,"time":0,"visible":true},{"position_x":-300,"position_y":60,"rotation":0,"time":0,"visible":true},{"position_x":-300,"position_y":60,"rotation":0,"time":0,"visible":true},{"position_x":-300,"position_y":60,"rotation":0,"time":0,"visible":true},{"position_x":-300,"position_y":60,"rotation":0,"time":0,"visible":true},{"position_x":-300,"position_y":60,"rotation":0,"time":0,"visible":true},{"position_x":-300,"position_y":60,"rotation":0,"time":0,"visible":true},{"position_x":-300,"position_y":60,"rotation":0,"time":0,"visible":true},{"position_x":-300,"position_y":60,"rotation":0,"time":0,"visible":true},{"position_x":-300,"position_y":60,"rotation":0,"time":0,"visible":true},{"position_x":-300,"position_y":60,"rotation":0,"time":0,"visible":true},{"position_x":-300,"position_y":60,"rotation":0,"time":0,"visible":true},{"position_x":-300,"position_y":60,"rotation":0,"time":0,"visible":true},{"position_x":-300,"position_y":60,"rotation":0,"time":0,"visible":true},{"position_x":-300,"position_y":60,"rotation":0,"time":0,"visible":true},{"position_x":-300,"position_y":60,"rotation":0,"time":0,"visible":true},{"position_x":-300,"position_y":60,"rotation":0,"time":0,"visible":true},{"position_x":-300,"position_y":60,"rotation":0,"time":0,"visible":true},{"position_x":-300,"position_y":60,"rotation":0,"time":0,"visible":true},{"position_x":-300,"position_y":60,"rotation":0,"time":0,"visible":true},{"position_x":-300,"position_y":60,"rotation":0,"time":0,"visible":true},{"position_x":-300,"position_y":60,"rotation":0,"time":0,"visible":true},{"position_x":-300,"position_y":60,"rotation":0,"time":0,"visible":true},{"position_x":-300,"position_y":60,"rotation":0,"time":0,"visible":true},{"position_x":-300,"position_y":60,"rotation":0,"time":0,"visible":true},{"position_x":-300,"position_y":60,"rotation":0,"time":0,"visible":true},{"position_x":-300,"position_y":60,"rotation":0,"time":0,"visible":true},{"position_x":-300,"position_y":60,"rotation":0,"time":0,"visible":true},{"position_x":-300,"position_y":60,"rotation":0,"time":0,"visible":true},{"position_x":-300,"position_y":60,"rotation":0,"time":0,"visible":true},{"position_x":-300,"position_y":60,"rotation":0,"time":0,"visible":true},{"position_x":-300,"position_y":60,"rotation":0,"time":0,"visible":true},{"position_x":-300,"position_y":60,"rotation":0,"time":0,"visible":true},{"position_x":-300,"position_y":60,"rotation":0,"time":0,"visible":true},{"position_x":-300,"position_y":60,"rotation":0,"time":0,"visible":true},{"position_x":-300,"position_y":60,"rotation":0,"time":0,"visible":true},{"position_x":-300,"position_y":60,"rotation":0,"time":0,"visible":true},{"position_x":-300,"position_y":60,"rotation":0,"time":0,"visible":true},{"position_x":-300,"position_y":60,"rotation":0,"time":0,"visible":true},{"position_x":-300,"position_y":60,"rotation":0,"time":0,"visible":true},{"position_x":-300,"position_y":60,"rotation":0,"time":0,"visible":true},{"position_x":-300,"position_y":60,"rotation":0,"time":0,"visible":true},{"position_x":-300,"position_y":60,"rotation":0,"time":0,"visible":true},{"position_x":-300,"position_y":60,"rotation":0,"time":0,"visible":true},{"position_x":-300,"position_y":60,"rotation":0,"time":0,"visible":true},{"position_x":-300,"position_y":60,"rotation":0,"time":0,"visible":true},{"position_x":-300,"position_y":60,"rotation":0,"time":0,"visible":true},{"position_x":-300,"position_y":60,"rotation":0,"time":0,"visible":true},{"position_x":-300,"position_y":60,"rotation":0,"time":0,"visible":true},{"position_x":-300,"position_y":60,"rotation":0,"time":0,"visible":true},{"position_x":-298.600006103516,"position_y":60,"rotation":0,"time":0,"visible":true},{"position_x":-295.79345703125,"position_y":28.259183883667,"rotation":0,"time":17,"visible":true},{"position_x":-291.593444824219,"position_y":-1.7741527557373,"rotation":0,"time":33,"visible":true},{"position_x":-285.993438720703,"position_y":-30.1741561889648,"rotation":0,"time":50,"visible":true},{"position_x":-278.993438720703,"position_y":-56.9408264160156,"rotation":0,"time":67,"visible":true},{"position_x":-270.593444824219,"position_y":-82.0741653442383,"rotation":0,"time":83,"visible":true},{"position_x":-260.79345703125,"position_y":-105.574172973633,"rotation":0,"time":100,"visible":true},{"position_x":-249.593460083008,"position_y":-127.440841674805,"rotation":0,"time":117,"visible":true},{"position_x":-236.993453979492,"position_y":-147.674179077148,"rotation":0,"time":133,"visible":true},{"position_x":-222.993453979492,"position_y":-166.274169921875,"rotation":0,"time":151,"visible":true},{"position_x":-207.593460083008,"position_y":-183.240829467773,"rotation":0,"time":167,"visible":true},{"position_x":-192.193466186523,"position_y":-198.574157714844,"rotation":0,"time":183,"visible":true},{"position_x":-176.79345703125,"position_y":-212.274154663086,"rotation":0,"time":200,"visible":true},{"position_x":-161.393463134766,"position_y":-224.3408203125,"rotation":0,"time":217,"visible":true},{"position_x":-145.993469238281,"position_y":-234.774154663086,"rotation":0,"time":234,"visible":true},{"position_x":-130.593475341797,"position_y":-243.574157714844,"rotation":0,"time":250,"visible":true},{"position_x":-115.193473815918,"position_y":-250.740829467773,"rotation":0,"time":267,"visible":true},{"position_x":-99.7934722900391,"position_y":-256.274169921875,"rotation":0,"time":283,"visible":true},{"position_x":-84.3934707641602,"position_y":-260.174163818359,"rotation":0,"time":300,"visible":true},{"position_x":-68.9934692382812,"position_y":-262.440826416016,"rotation":0,"time":317,"visible":true},{"position_x":-53.5934677124023,"position_y":-263.074157714844,"rotation":0,"time":333,"visible":true},{"position_x":-38.1934661865234,"position_y":-262.074157714844,"rotation":0,"time":350,"visible":true},{"position_x":-22.7934646606445,"position_y":-259.440826416016,"rotation":0,"time":367,"visible":true},{"position_x":-7.39346408843994,"position_y":-255.174163818359,"rotation":0,"time":383,"visible":true},{"position_x":8.00653457641602,"position_y":-249.274169921875,"rotation":0,"time":400,"visible":true},{"position_x":23.4065361022949,"position_y":-241.740829467773,"rotation":0,"time":417,"visible":true},{"position_x":38.8065376281738,"position_y":-232.574157714844,"rotation":0,"time":433,"visible":true},{"position_x":54.2065391540527,"position_y":-221.774154663086,"rotation":0,"time":450,"visible":true},{"position_x":69.6065444946289,"position_y":-209.3408203125,"rotation":0,"time":467,"visible":true},{"position_x":85.0065460205078,"position_y":-195.274154663086,"rotation":0,"time":483,"visible":true},{"position_x":100.406547546387,"position_y":-179.574157714844,"rotation":0,"time":500,"visible":true},{"position_x":115.806549072266,"position_y":-162.240829467773,"rotation":0,"time":517,"visible":true},{"position_x":131.206558227539,"position_y":-143.274154663086,"rotation":0,"time":534,"visible":true},{"position_x":146.606552124023,"position_y":-122.674156188965,"rotation":0,"time":550,"visible":true},{"position_x":162.006546020508,"position_y":-100.440826416016,"rotation":0,"time":567,"visible":true},{"position_x":177.406539916992,"position_y":-76.5741577148438,"rotation":0,"time":583,"visible":true},{"position_x":192.806533813477,"position_y":-51.0741577148438,"rotation":0,"time":600,"visible":true},{"position_x":208.206527709961,"position_y":-23.940824508667,"rotation":0,"time":617,"visible":true},{"position_x":223.606536865234,"position_y":4.82584762573242,"rotation":0,"time":633,"visible":true},{"position_x":239.006530761719,"position_y":35.2258491516113,"rotation":0,"time":650,"visible":true},{"position_x":254.406539916992,"position_y":59.9240188598633,"rotation":0,"time":667,"visible":true},{"position_x":266.073211669922,"position_y":59.9240188598633,"rotation":0,"time":683,"visible":true},{"position_x":277.739898681641,"position_y":28.2573375701904,"rotation":0,"time":700,"visible":true},{"position_x":290.806579589844,"position_y":-1.7760009765625,"rotation":0,"time":717,"visible":true},{"position_x":305.273254394531,"position_y":-30.1760063171387,"rotation":0,"time":733,"visible":true},{"position_x":321.139923095703,"position_y":-56.9426765441895,"rotation":0,"time":750,"visible":true},{"position_x":337.006591796875,"position_y":-82.0760192871094,"rotation":0,"time":767,"visible":true},{"position_x":352.873260498047,"position_y":-105.576019287109,"rotation":0,"time":784,"visible":true},{"position_x":368.739929199219,"position_y":-127.442687988281,"rotation":0,"time":800,"visible":true},{"position_x":384.606597900391,"position_y":-147.676025390625,"rotation":0,"time":817,"visible":true},{"position_x":400.473266601562,"position_y":-166.276031494141,"rotation":0,"time":833,"visible":true},{"position_x":416.339935302734,"position_y":-183.242706298828,"rotation":0,"time":850,"visible":true},{"position_x":432.206604003906,"position_y":-198.576034545898,"rotation":0,"time":867,"visible":true},{"position_x":448.073272705078,"position_y":-212.276031494141,"rotation":0,"time":883,"visible":true},{"position_x":463.93994140625,"position_y":-224.342697143555,"rotation":0,"time":900,"visible":true},{"position_x":479.806610107422,"position_y":-234.776031494141,"rotation":0,"time":917,"visible":true},{"position_x":495.673278808594,"position_y":-243.576034545898,"rotation":0,"time":933,"visible":true},{"position_x":511.539947509766,"position_y":-250.742706298828,"rotation":0,"time":950,"visible":true},{"position_x":527.406616210938,"position_y":-256.276031494141,"rotation":0,"time":967,"visible":true},{"position_x":543.273254394531,"position_y":-260.176025390625,"rotation":0,"time":983,"visible":true},{"position_x":559.139892578125,"position_y":-262.442687988281,"rotation":0,"time":1000,"visible":true},{"position_x":575.006530761719,"position_y":-263.076019287109,"rotation":0,"time":1017,"visible":true},{"position_x":590.873168945312,"position_y":-262.076019287109,"rotation":0,"time":1034,"visible":true},{"position_x":606.739807128906,"position_y":-259.442687988281,"rotation":0,"time":1050,"visible":true},{"position_x":622.6064453125,"position_y":-255.176025390625,"rotation":0,"time":1067,"visible":true},{"position_x":638.473083496094,"position_y":-249.276031494141,"rotation":0,"time":1083,"visible":true},{"position_x":654.339721679688,"position_y":-241.742691040039,"rotation":0,"time":1100,"visible":true},{"position_x":670.206359863281,"position_y":-232.576019287109,"rotation":0,"time":1117,"visible":true},{"position_x":686.072998046875,"position_y":-221.776016235352,"rotation":0,"time":1133,"visible":true},{"position_x":701.939636230469,"position_y":-209.342681884766,"rotation":0,"time":1150,"visible":true},{"position_x":717.806274414062,"position_y":-195.276016235352,"rotation":0,"time":1167,"visible":true},{"position_x":733.672973632812,"position_y":-180.074722290039,"rotation":0,"time":1184,"visible":true},{"position_x":745.340026855469,"position_y":-211.742492675781,"rotation":0,"time":1200,"visible":true},{"position_x":758.406677246094,"position_y":-241.775833129883,"rotation":0,"time":1217,"visible":true},{"position_x":772.873352050781,"position_y":-270.175842285156,"rotation":0,"time":1233,"visible":true},{"position_x":788.740051269531,"position_y":-296.942504882812,"rotation":0,"time":1250,"visible":true},{"position_x":804.606750488281,"position_y":-322.075836181641,"rotation":0,"time":1267,"visible":true},{"position_x":820.473388671875,"position_y":-345.575836181641,"rotation":0,"time":1283,"visible":true},{"position_x":836.340026855469,"position_y":-367.442504882812,"rotation":0,"time":1300,"visible":true},{"position_x":852.206665039062,"position_y":-387.675842285156,"rotation":0,"time":1317,"visible":true},{"position_x":868.073303222656,"position_y":-406.275848388672,"rotation":0,"time":1333,"visible":true},{"position_x":883.93994140625,"position_y":-423.242523193359,"rotation":0,"time":1350,"visible":true},{"position_x":899.806640625,"position_y":-438.575866699219,"rotation":0,"time":1367,"visible":true},{"position_x":915.67333984375,"position_y":-452.27587890625,"rotation":0,"time":1383,"visible":true},{"position_x":931.539978027344,"position_y":-464.342559814453,"rotation":0,"time":1400,"visible":true},{"position_x":947.406616210938,"position_y":-474.77587890625,"rotation":0,"time":1417,"visible":true},{"position_x":963.273315429688,"position_y":-483.575866699219,"rotation":0,"time":1433,"visible":true},{"position_x":979.140014648438,"position_y":-490.742523193359,"rotation":0,"time":1450,"visible":true},{"position_x":995.006652832031,"position_y":-496.275848388672,"rotation":0,"time":1467,"visible":true},{"position_x":1010.87329101562,"position_y":-500.175842285156,"rotation":0,"time":1483,"visible":true},{"position_x":1026.73999023438,"position_y":-502.442504882812,"rotation":0,"time":1500,"visible":true},{"position_x":1042.60668945312,"position_y":-503.075836181641,"rotation":0,"time":1517,"visible":true},{"position_x":1058.47338867188,"position_y":-502.075836181641,"rotation":0,"time":1533,"visible":true},{"position_x":1074.34008789062,"position_y":-499.442504882812,"rotation":0,"time":1550,"visible":true},{"position_x":1090.20678710938,"position_y":-495.175842285156,"rotation":0,"time":1567,"visible":true},{"position_x":1106.07348632812,"position_y":-489.275848388672,"rotation":0,"time":1583,"visible":true},{"position_x":1121.94018554688,"position_y":-481.742523193359,"rotation":0,"time":1600,"visible":true},{"position_x":1137.80688476562,"position_y":-472.575866699219,"rotation":0,"time":1617,"visible":true},{"position_x":1153.67358398438,"position_y":-461.77587890625,"rotation":0,"time":1633,"visible":true},{"position_x":1169.54028320312,"position_y":-449.342529296875,"rotation":0,"time":1650,"visible":true},{"position_x":1185.40698242188,"position_y":-435.275848388672,"rotation":0,"time":1667,"visible":true},{"position_x":1201.27368164062,"position_y":-419.575836181641,"rotation":0,"time":1683,"visible":true},{"position_x":1217.14038085938,"position_y":-402.242492675781,"rotation":0,"time":1700,"visible":true},{"position_x":1233.00708007812,"position_y":-383.275817871094,"rotation":0,"time":1717,"visible":true},{"position_x":1248.87377929688,"position_y":-362.675811767578,"rotation":0,"time":1733,"visible":true},{"position_x":1264.74047851562,"position_y":-340.442474365234,"rotation":0,"time":1750,"visible":true},{"position_x":1280.60717773438,"position_y":-316.575805664062,"rotation":0,"time":1767,"visible":true},{"position_x":1296.47387695312,"position_y":-291.075805664062,"rotation":0,"time":1783,"visible":true},{"position_x":1312.34057617188,"position_y":-263.942474365234,"rotation":0,"time":1800,"visible":true},{"position_x":1328.20727539062,"position_y":-235.175811767578,"rotation":0,"time":1817,"visible":true},{"position_x":1344.07397460938,"position_y":-204.775802612305,"rotation":0,"time":1833,"visible":true},{"position_x":1359.94079589844,"position_y":-180.074829101562,"rotation":0,"time":1850,"visible":true},{"position_x":1371.60778808594,"position_y":-211.74250793457,"rotation":0,"time":1867,"visible":true},{"position_x":1384.67443847656,"position_y":-241.775848388672,"rotation":0,"time":1883,"visible":true},{"position_x":1399.14111328125,"position_y":-270.175842285156,"rotation":0,"time":1900,"visible":true},{"position_x":1415.0078125,"position_y":-296.942504882812,"rotation":0,"time":1917,"visible":true},{"position_x":1430.87451171875,"position_y":-322.075836181641,"rotation":0,"time":1933,"visible":true},{"position_x":1446.7412109375,"position_y":-345.575836181641,"rotation":0,"time":1950,"visible":true},{"position_x":1462.60791015625,"position_y":-367.442504882812,"rotation":0,"time":1967,"visible":true},{"position_x":1478.474609375,"position_y":-387.675842285156,"rotation":0,"time":1983,"visible":true},{"position_x":1494.34130859375,"position_y":-406.275848388672,"rotation":0,"time":2000,"visible":true},{"position_x":1510.2080078125,"position_y":-423.242523193359,"rotation":0,"time":2017,"visible":true},{"position_x":1526.07470703125,"position_y":-438.575866699219,"rotation":0,"time":2033,"visible":true},{"position_x":1541.94140625,"position_y":-452.27587890625,"rotation":0,"time":2050,"visible":true},{"position_x":1557.80810546875,"position_y":-464.342559814453,"rotation":0,"time":2067,"visible":true},{"position_x":1573.6748046875,"position_y":-474.77587890625,"rotation":0,"time":2083,"visible":true},{"position_x":1589.54150390625,"position_y":-483.575866699219,"rotation":0,"time":2100,"visible":true},{"position_x":1605.408203125,"position_y":-490.742523193359,"rotation":0,"time":2117,"visible":true},{"position_x":1621.27490234375,"position_y":-496.275848388672,"rotation":0,"time":2133,"visible":true},{"position_x":1637.1416015625,"position_y":-500.175842285156,"rotation":0,"time":2150,"visible":true},{"position_x":1653.00830078125,"position_y":-502.442504882812,"rotation":0,"time":2167,"visible":true},{"position_x":1668.875,"position_y":-503.075836181641,"rotation":0,"time":2183,"visible":true},{"position_x":1684.74169921875,"position_y":-502.075836181641,"rotation":0,"time":2200,"visible":true},{"position_x":1700.6083984375,"position_y":-499.442504882812,"rotation":0,"time":2217,"visible":true},{"position_x":1716.47509765625,"position_y":-495.175842285156,"rotation":0,"time":2233,"visible":true},{"position_x":1732.341796875,"position_y":-489.275848388672,"rotation":0,"time":2250,"visible":true},{"position_x":1748.20849609375,"position_y":-481.742523193359,"rotation":0,"time":2267,"visible":true},{"position_x":1764.0751953125,"position_y":-472.575866699219,"rotation":0,"time":2283,"visible":true},{"position_x":1779.94189453125,"position_y":-461.77587890625,"rotation":0,"time":2300,"visible":true},{"position_x":1795.80859375,"position_y":-449.342529296875,"rotation":0,"time":2317,"visible":true},{"position_x":1811.67529296875,"position_y":-435.275848388672,"rotation":0,"time":2333,"visible":true},{"position_x":1827.5419921875,"position_y":-419.575836181641,"rotation":0,"time":2350,"visible":true},{"position_x":1843.40869140625,"position_y":-402.242492675781,"rotation":0,"time":2367,"visible":true},{"position_x":1855.07531738281,"position_y":-383.275817871094,"rotation":0,"time":2383,"visible":true},{"position_x":1862.5419921875,"position_y":-362.675811767578,"rotation":0,"time":2400,"visible":true},{"position_x":1865.80871582031,"position_y":-340.442474365234,"rotation":0,"time":2417,"visible":true},{"position_x":1864.87536621094,"position_y":-316.575805664062,"rotation":0,"time":2433,"visible":true},{"position_x":1863.94201660156,"position_y":-291.075805664062,"rotation":0,"time":2450,"visible":true},{"position_x":1863.00866699219,"position_y":-263.942474365234,"rotation":0,"time":2467,"visible":true},{"position_x":1862.07531738281,"position_y":-235.175811767578,"rotation":0,"time":2483,"visible":true},{"position_x":1861.14196777344,"position_y":-204.775817871094,"rotation":0,"time":2500,"visible":true},{"position_x":1860.20861816406,"position_y":-180.074783325195,"rotation":0,"time":2517,"visible":true},{"position_x":1859.64855957031,"position_y":-180.074783325195,"rotation":0,"time":2533,"visible":true}]