[{"position_x":-298.599975585938,"position_y":59.9252395629883,"rotation":0,"time":15,"visible":true},{"position_x":-295.799865722656,"position_y":28.2573432922363,"rotation":0,"time":20,"visible":true},{"position_x":-291.599853515625,"position_y":-1.77599334716797,"rotation":0,"time":32,"visible":true},{"position_x":-285.999847412109,"position_y":-30.1759967803955,"rotation":0,"time":49,"visible":true},{"position_x":-278.999847412109,"position_y":-56.9426651000977,"rotation":0,"time":66,"visible":true},{"position_x":-270.599853515625,"position_y":-82.0760040283203,"rotation":0,"time":82,"visible":true},{"position_x":-260.799865722656,"position_y":-105.57600402832,"rotation":0,"time":99,"visible":true},{"position_x":-249.599868774414,"position_y":-127.442672729492,"rotation":0,"time":116,"visible":true},{"position_x":-236.999862670898,"position_y":-147.676010131836,"rotation":0,"time":132,"visible":true},{"position_x":-222.999862670898,"position_y":-166.276000976562,"rotation":0,"time":149,"visible":true},{"position_x":-207.599868774414,"position_y":-183.242660522461,"rotation":0,"time":166,"visible":true},{"position_x":-192.19987487793,"position_y":-198.575988769531,"rotation":0,"time":182,"visible":true},{"position_x":-176.799865722656,"position_y":-212.275985717773,"rotation":0,"time":199,"visible":true},{"position_x":-161.399871826172,"position_y":-224.342651367188,"rotation":0,"time":216,"visible":true},{"position_x":-145.999877929688,"position_y":-234.775985717773,"rotation":0,"time":232,"visible":true},{"position_x":-130.599884033203,"position_y":-243.575988769531,"rotation":0,"time":249,"visible":true},{"position_x":-115.199882507324,"position_y":-250.742660522461,"rotation":0,"time":266,"visible":true},{"position_x":-99.7998809814453,"position_y":-256.276000976562,"rotation":0,"time":282,"visible":true},{"position_x":-84.3998794555664,"position_y":-260.175994873047,"rotation":0,"time":299,"visible":true},{"position_x":-68.9998779296875,"position_y":-262.442657470703,"rotation":0,"time":316,"visible":true},{"position_x":-53.5998764038086,"position_y":-263.075988769531,"rotation":0,"time":332,"visible":true},{"position_x":-38.1998748779297,"position_y":-262.075988769531,"rotation":0,"time":349,"visible":true},{"position_x":-22.7998733520508,"position_y":-259.442657470703,"rotation":0,"time":366,"visible":true},{"position_x":-7.39987277984619,"position_y":-255.175994873047,"rotation":0,"time":382,"visible":true},{"position_x":8.00012588500977,"position_y":-249.276000976562,"rotation":0,"time":399,"visible":true},{"position_x":23.4001274108887,"position_y":-241.742660522461,"rotation":0,"time":416,"visible":true},{"position_x":38.8001289367676,"position_y":-232.575988769531,"rotation":0,"time":433,"visible":true},{"position_x":54.2001304626465,"position_y":-221.775985717773,"rotation":0,"time":450,"visible":true},{"position_x":69.6001358032227,"position_y":-209.342651367188,"rotation":0,"time":466,"visible":true},{"position_x":85.0001373291016,"position_y":-195.275985717773,"rotation":0,"time":482,"visible":true},{"position_x":100.40013885498,"position_y":-179.575988769531,"rotation":0,"time":499,"visible":true},{"position_x":115.800140380859,"position_y":-162.242660522461,"rotation":0,"time":516,"visible":true},{"position_x":131.200149536133,"position_y":-143.275985717773,"rotation":0,"time":532,"visible":true},{"position_x":146.600143432617,"position_y":-122.675987243652,"rotation":0,"time":549,"visible":true},{"position_x":162.000137329102,"position_y":-100.442657470703,"rotation":0,"time":566,"visible":true},{"position_x":177.400131225586,"position_y":-76.5759887695312,"rotation":0,"time":583,"visible":true},{"position_x":192.80012512207,"position_y":-51.0759887695312,"rotation":0,"time":600,"visible":true},{"position_x":208.200119018555,"position_y":-23.9426555633545,"rotation":0,"time":616,"visible":true},{"position_x":223.600128173828,"position_y":4.82401657104492,"rotation":0,"time":632,"visible":true},{"position_x":239.000122070312,"position_y":35.2240180969238,"rotation":0,"time":649,"visible":true},{"position_x":254.400115966797,"position_y":59.924015045166,"rotation":0,"time":666,"visible":true},{"position_x":266.066772460938,"position_y":28.2573375701904,"rotation":0,"time":682,"visible":true},{"position_x":279.133453369141,"position_y":-1.7760009765625,"rotation":0,"time":700,"visible":true},{"position_x":293.600128173828,"position_y":-30.1760063171387,"rotation":0,"time":716,"visible":true},{"position_x":300.924377441406,"position_y":-56.9426727294922,"rotation":0,"time":732,"visible":true},{"position_x":300.924377441406,"position_y":-82.0760040283203,"rotation":0,"time":749,"visible":true},{"position_x":299.524383544922,"position_y":-105.576034545898,"rotation":0,"time":766,"visible":true},{"position_x":296.724395751953,"position_y":-127.44270324707,"rotation":0,"time":783,"visible":true},{"position_x":292.524383544922,"position_y":-147.676040649414,"rotation":0,"time":799,"visible":true},{"position_x":286.924377441406,"position_y":-166.276031494141,"rotation":0,"time":816,"visible":true},{"position_x":279.924377441406,"position_y":-183.242706298828,"rotation":0,"time":832,"visible":true},{"position_x":271.524383544922,"position_y":-198.576034545898,"rotation":0,"time":849,"visible":true},{"position_x":261.724395751953,"position_y":-212.276031494141,"rotation":0,"time":866,"visible":true},{"position_x":250.524398803711,"position_y":-224.342697143555,"rotation":0,"time":882,"visible":true},{"position_x":237.924392700195,"position_y":-234.776031494141,"rotation":0,"time":899,"visible":true},{"position_x":223.924392700195,"position_y":-243.576034545898,"rotation":0,"time":916,"visible":true},{"position_x":214.124389648438,"position_y":-250.742706298828,"rotation":0,"time":932,"visible":true},{"position_x":208.524383544922,"position_y":-256.276031494141,"rotation":0,"time":949,"visible":true},{"position_x":207.124389648438,"position_y":-260.176025390625,"rotation":0,"time":966,"visible":true},{"position_x":209.924392700195,"position_y":-262.442687988281,"rotation":0,"time":982,"visible":true},{"position_x":214.124389648438,"position_y":-263.076019287109,"rotation":0,"time":999,"visible":true},{"position_x":219.724395751953,"position_y":-262.076019287109,"rotation":0,"time":1016,"visible":true},{"position_x":226.724395751953,"position_y":-259.442687988281,"rotation":0,"time":1032,"visible":true},{"position_x":235.124389648438,"position_y":-255.176025390625,"rotation":0,"time":1049,"visible":true},{"position_x":244.924392700195,"position_y":-249.276031494141,"rotation":0,"time":1066,"visible":true},{"position_x":256.124389648438,"position_y":-241.742691040039,"rotation":0,"time":1082,"visible":true},{"position_x":268.724395751953,"position_y":-232.576019287109,"rotation":0,"time":1099,"visible":true},{"position_x":282.724395751953,"position_y":-221.776016235352,"rotation":0,"time":1116,"visible":true},{"position_x":298.124389648438,"position_y":-209.342681884766,"rotation":0,"time":1132,"visible":true},{"position_x":313.524383544922,"position_y":-195.276016235352,"rotation":0,"time":1149,"visible":true},{"position_x":328.924407958984,"position_y":-180.074722290039,"rotation":0,"time":1166,"visible":true},{"position_x":340.591491699219,"position_y":-211.742492675781,"rotation":0,"time":1182,"visible":true},{"position_x":353.658172607422,"position_y":-241.775833129883,"rotation":0,"time":1199,"visible":true},{"position_x":368.124847412109,"position_y":-270.175842285156,"rotation":0,"time":1216,"visible":true},{"position_x":383.991516113281,"position_y":-296.942504882812,"rotation":0,"time":1232,"visible":true},{"position_x":399.858184814453,"position_y":-322.075836181641,"rotation":0,"time":1249,"visible":true},{"position_x":415.724853515625,"position_y":-345.575836181641,"rotation":0,"time":1266,"visible":true},{"position_x":431.591522216797,"position_y":-367.442504882812,"rotation":0,"time":1282,"visible":true},{"position_x":447.458190917969,"position_y":-387.675842285156,"rotation":0,"time":1299,"visible":true},{"position_x":463.324859619141,"position_y":-406.275848388672,"rotation":0,"time":1316,"visible":true},{"position_x":479.191528320312,"position_y":-423.242523193359,"rotation":0,"time":1332,"visible":true},{"position_x":495.058197021484,"position_y":-438.575866699219,"rotation":0,"time":1349,"visible":true},{"position_x":510.924865722656,"position_y":-452.27587890625,"rotation":0,"time":1366,"visible":true},{"position_x":526.79150390625,"position_y":-464.342559814453,"rotation":0,"time":1382,"visible":true},{"position_x":542.658203125,"position_y":-474.77587890625,"rotation":0,"time":1399,"visible":true},{"position_x":558.52490234375,"position_y":-483.575866699219,"rotation":0,"time":1416,"visible":true},{"position_x":574.3916015625,"position_y":-490.742523193359,"rotation":0,"time":1432,"visible":true},{"position_x":590.258239746094,"position_y":-496.275848388672,"rotation":0,"time":1449,"visible":true},{"position_x":606.124877929688,"position_y":-500.175842285156,"rotation":0,"time":1466,"visible":true},{"position_x":621.991577148438,"position_y":-502.442504882812,"rotation":0,"time":1482,"visible":true},{"position_x":637.858215332031,"position_y":-503.075836181641,"rotation":0,"time":1499,"visible":true},{"position_x":653.724853515625,"position_y":-502.075836181641,"rotation":0,"time":1516,"visible":true},{"position_x":669.591491699219,"position_y":-499.442504882812,"rotation":0,"time":1533,"visible":true},{"position_x":685.458129882812,"position_y":-495.175842285156,"rotation":0,"time":1549,"visible":true},{"position_x":701.324768066406,"position_y":-489.275848388672,"rotation":0,"time":1566,"visible":true},{"position_x":717.19140625,"position_y":-481.742523193359,"rotation":0,"time":1583,"visible":true},{"position_x":733.058044433594,"position_y":-472.575866699219,"rotation":0,"time":1600,"visible":true},{"position_x":748.924682617188,"position_y":-461.77587890625,"rotation":0,"time":1616,"visible":true},{"position_x":764.791320800781,"position_y":-449.342529296875,"rotation":0,"time":1632,"visible":true},{"position_x":780.657958984375,"position_y":-435.275848388672,"rotation":0,"time":1649,"visible":true},{"position_x":796.524658203125,"position_y":-419.575836181641,"rotation":0,"time":1666,"visible":true},{"position_x":812.391296386719,"position_y":-402.242492675781,"rotation":0,"time":1682,"visible":true},{"position_x":828.257934570312,"position_y":-383.275817871094,"rotation":0,"time":1699,"visible":true},{"position_x":844.124572753906,"position_y":-362.675811767578,"rotation":0,"time":1716,"visible":true},{"position_x":859.9912109375,"position_y":-340.442474365234,"rotation":0,"time":1732,"visible":true},{"position_x":875.857849121094,"position_y":-316.575805664062,"rotation":0,"time":1749,"visible":true},{"position_x":891.724487304688,"position_y":-291.075805664062,"rotation":0,"time":1766,"visible":true},{"position_x":907.591186523438,"position_y":-263.942474365234,"rotation":0,"time":1782,"visible":true},{"position_x":923.457824707031,"position_y":-235.175811767578,"rotation":0,"time":1799,"visible":true},{"position_x":939.324523925781,"position_y":-204.775802612305,"rotation":0,"time":1816,"visible":true},{"position_x":955.191162109375,"position_y":-180.074829101562,"rotation":0,"time":1832,"visible":true},{"position_x":966.858215332031,"position_y":-211.74250793457,"rotation":0,"time":1849,"visible":true},{"position_x":979.924865722656,"position_y":-241.775848388672,"rotation":0,"time":1866,"visible":true},{"position_x":994.391540527344,"position_y":-270.175842285156,"rotation":0,"time":1882,"visible":true},{"position_x":1010.25823974609,"position_y":-296.942504882812,"rotation":0,"time":1899,"visible":true},{"position_x":1026.12487792969,"position_y":-322.075836181641,"rotation":0,"time":1916,"visible":true},{"position_x":1041.99157714844,"position_y":-345.575836181641,"rotation":0,"time":1932,"visible":true},{"position_x":1057.85827636719,"position_y":-367.442504882812,"rotation":0,"time":1949,"visible":true},{"position_x":1073.72497558594,"position_y":-387.675842285156,"rotation":0,"time":1966,"visible":true},{"position_x":1089.59167480469,"position_y":-406.275848388672,"rotation":0,"time":1982,"visible":true},{"position_x":1105.45837402344,"position_y":-423.242523193359,"rotation":0,"time":1999,"visible":true},{"position_x":1121.32507324219,"position_y":-438.575866699219,"rotation":0,"time":2016,"visible":true},{"position_x":1137.19177246094,"position_y":-452.27587890625,"rotation":0,"time":2032,"visible":true},{"position_x":1153.05847167969,"position_y":-464.342559814453,"rotation":0,"time":2049,"visible":true},{"position_x":1168.92517089844,"position_y":-474.77587890625,"rotation":0,"time":2066,"visible":true},{"position_x":1184.79187011719,"position_y":-483.575866699219,"rotation":0,"time":2083,"visible":true},{"position_x":1200.65856933594,"position_y":-490.742523193359,"rotation":0,"time":2099,"visible":true},{"position_x":1216.52526855469,"position_y":-496.275848388672,"rotation":0,"time":2116,"visible":true},{"position_x":1228.19189453125,"position_y":-500.175842285156,"rotation":0,"time":2132,"visible":true},{"position_x":1235.65856933594,"position_y":-502.442504882812,"rotation":0,"time":2149,"visible":true},{"position_x":1238.92529296875,"position_y":-503.075836181641,"rotation":0,"time":2166,"visible":true},{"position_x":1237.99194335938,"position_y":-502.075836181641,"rotation":0,"time":2182,"visible":true},{"position_x":1235.65856933594,"position_y":-499.442504882812,"rotation":0,"time":2199,"visible":true},{"position_x":1231.92529296875,"position_y":-495.175842285156,"rotation":0,"time":2216,"visible":true},{"position_x":1226.7919921875,"position_y":-489.275848388672,"rotation":0,"time":2232,"visible":true},{"position_x":1221.65869140625,"position_y":-481.742523193359,"rotation":0,"time":2249,"visible":true},{"position_x":1216.525390625,"position_y":-472.575866699219,"rotation":0,"time":2266,"visible":true},{"position_x":1211.39208984375,"position_y":-461.77587890625,"rotation":0,"time":2282,"visible":true},{"position_x":1210.45874023438,"position_y":-449.342529296875,"rotation":0,"time":2299,"visible":true},{"position_x":1210.92541503906,"position_y":-435.275848388672,"rotation":0,"time":2316,"visible":true},{"position_x":1212.79211425781,"position_y":-419.575836181641,"rotation":0,"time":2332,"visible":true},{"position_x":1216.05883789062,"position_y":-402.242492675781,"rotation":0,"time":2349,"visible":true},{"position_x":1220.72546386719,"position_y":-383.275817871094,"rotation":0,"time":2366,"visible":true},{"position_x":1226.79211425781,"position_y":-362.675811767578,"rotation":0,"time":2383,"visible":true},{"position_x":1234.2587890625,"position_y":-340.442474365234,"rotation":0,"time":2399,"visible":true},{"position_x":1243.12548828125,"position_y":-316.575805664062,"rotation":0,"time":2416,"visible":true},{"position_x":1253.39221191406,"position_y":-291.075805664062,"rotation":0,"time":2432,"visible":true},{"position_x":1265.05883789062,"position_y":-263.942474365234,"rotation":0,"time":2449,"visible":true},{"position_x":1278.12548828125,"position_y":-235.175796508789,"rotation":0,"time":2466,"visible":true},{"position_x":1292.59216308594,"position_y":-204.775787353516,"rotation":0,"time":2482,"visible":true},{"position_x":1308.458984375,"position_y":-180.075988769531,"rotation":0,"time":2499,"visible":true},{"position_x":1320.12561035156,"position_y":-211.742660522461,"rotation":0,"time":2516,"visible":true},{"position_x":1333.19226074219,"position_y":-241.776000976562,"rotation":0,"time":2532,"visible":true},{"position_x":1347.65893554688,"position_y":-270.175994873047,"rotation":0,"time":2549,"visible":true},{"position_x":1363.52563476562,"position_y":-296.942657470703,"rotation":0,"time":2566,"visible":true},{"position_x":1379.39233398438,"position_y":-322.075988769531,"rotation":0,"time":2582,"visible":true},{"position_x":1395.25903320312,"position_y":-345.575988769531,"rotation":0,"time":2599,"visible":true},{"position_x":1411.12573242188,"position_y":-367.442657470703,"rotation":0,"time":2616,"visible":true},{"position_x":1426.99243164062,"position_y":-387.675994873047,"rotation":0,"time":2632,"visible":true},{"position_x":1442.85913085938,"position_y":-406.276000976562,"rotation":0,"time":2649,"visible":true},{"position_x":1458.72583007812,"position_y":-423.24267578125,"rotation":0,"time":2666,"visible":true},{"position_x":1474.59252929688,"position_y":-438.576019287109,"rotation":0,"time":2682,"visible":true},{"position_x":1490.45922851562,"position_y":-452.276031494141,"rotation":0,"time":2699,"visible":true},{"position_x":1506.32592773438,"position_y":-464.342712402344,"rotation":0,"time":2716,"visible":true},{"position_x":1522.19262695312,"position_y":-474.776031494141,"rotation":0,"time":2732,"visible":true},{"position_x":1538.05932617188,"position_y":-483.576019287109,"rotation":0,"time":2749,"visible":true},{"position_x":1553.92602539062,"position_y":-490.74267578125,"rotation":0,"time":2766,"visible":true},{"position_x":1569.79272460938,"position_y":-496.276000976562,"rotation":0,"time":2782,"visible":true},{"position_x":1585.65942382812,"position_y":-500.175994873047,"rotation":0,"time":2799,"visible":true},{"position_x":1601.52612304688,"position_y":-502.442657470703,"rotation":0,"time":2816,"visible":true},{"position_x":1617.39282226562,"position_y":-503.075988769531,"rotation":0,"time":2832,"visible":true},{"position_x":1633.25952148438,"position_y":-502.075988769531,"rotation":0,"time":2849,"visible":true},{"position_x":1649.12622070312,"position_y":-499.442657470703,"rotation":0,"time":2866,"visible":true},{"position_x":1664.99291992188,"position_y":-495.175994873047,"rotation":0,"time":2882,"visible":true},{"position_x":1680.85961914062,"position_y":-489.276000976562,"rotation":0,"time":2899,"visible":true},{"position_x":1696.72631835938,"position_y":-481.74267578125,"rotation":0,"time":2916,"visible":true},{"position_x":1712.59301757812,"position_y":-472.576019287109,"rotation":0,"time":2932,"visible":true},{"position_x":1728.45971679688,"position_y":-461.776031494141,"rotation":0,"time":2949,"visible":true},{"position_x":1740.12634277344,"position_y":-449.342712402344,"rotation":0,"time":2966,"visible":true},{"position_x":1747.59301757812,"position_y":-435.276031494141,"rotation":0,"time":2982,"visible":true},{"position_x":1750.85974121094,"position_y":-419.576019287109,"rotation":0,"time":2999,"visible":true},{"position_x":1749.92639160156,"position_y":-402.24267578125,"rotation":0,"time":3016,"visible":true},{"position_x":1747.59301757812,"position_y":-383.276000976562,"rotation":0,"time":3032,"visible":true},{"position_x":1743.85974121094,"position_y":-362.675994873047,"rotation":0,"time":3049,"visible":true},{"position_x":1738.72644042969,"position_y":-340.442657470703,"rotation":0,"time":3065,"visible":true},{"position_x":1732.19311523438,"position_y":-316.575988769531,"rotation":0,"time":3082,"visible":true},{"position_x":1724.259765625,"position_y":-291.075988769531,"rotation":0,"time":3099,"visible":true},{"position_x":1716.32641601562,"position_y":-263.942657470703,"rotation":0,"time":3116,"visible":true},{"position_x":1708.39306640625,"position_y":-235.175994873047,"rotation":0,"time":3132,"visible":true},{"position_x":1704.65979003906,"position_y":-204.776000976562,"rotation":0,"time":3149,"visible":true},{"position_x":1705.12646484375,"position_y":-180.075988769531,"rotation":0,"time":3166,"visible":true},{"position_x":1706.9931640625,"position_y":-211.742660522461,"rotation":0,"time":3182,"visible":true},{"position_x":1710.25988769531,"position_y":-241.776000976562,"rotation":0,"time":3199,"visible":true},{"position_x":1714.92651367188,"position_y":-270.175994873047,"rotation":0,"time":3216,"visible":true},{"position_x":1720.9931640625,"position_y":-296.942657470703,"rotation":0,"time":3232,"visible":true},{"position_x":1728.45983886719,"position_y":-322.075988769531,"rotation":0,"time":3249,"visible":true},{"position_x":1737.32653808594,"position_y":-345.575988769531,"rotation":0,"time":3266,"visible":true},{"position_x":1747.59326171875,"position_y":-367.442657470703,"rotation":0,"time":3282,"visible":true},{"position_x":1759.25988769531,"position_y":-387.675994873047,"rotation":0,"time":3299,"visible":true},{"position_x":1772.32653808594,"position_y":-406.276000976562,"rotation":0,"time":3316,"visible":true},{"position_x":1786.79321289062,"position_y":-423.24267578125,"rotation":0,"time":3332,"visible":true},{"position_x":1802.65991210938,"position_y":-438.576019287109,"rotation":0,"time":3349,"visible":true},{"position_x":1818.52661132812,"position_y":-452.276031494141,"rotation":0,"time":3366,"visible":true},{"position_x":1834.39331054688,"position_y":-464.342712402344,"rotation":0,"time":3382,"visible":true},{"position_x":1850.26000976562,"position_y":-474.776031494141,"rotation":0,"time":3399,"visible":true},{"position_x":1866.12670898438,"position_y":-483.576019287109,"rotation":0,"time":3416,"visible":true},{"position_x":1881.99340820312,"position_y":-490.74267578125,"rotation":0,"time":3432,"visible":true},{"position_x":1897.86010742188,"position_y":-496.276000976562,"rotation":0,"time":3449,"visible":true},{"position_x":1913.72680664062,"position_y":-500.175994873047,"rotation":0,"time":3466,"visible":true},{"position_x":1929.59350585938,"position_y":-502.442657470703,"rotation":0,"time":3482,"visible":true},{"position_x":1945.46020507812,"position_y":-503.075988769531,"rotation":0,"time":3499,"visible":true},{"position_x":1961.32690429688,"position_y":-502.075988769531,"rotation":0,"time":3515,"visible":true},{"position_x":1977.19360351562,"position_y":-499.442657470703,"rotation":0,"time":3532,"visible":true},{"position_x":1993.06030273438,"position_y":-495.175994873047,"rotation":0,"time":3549,"visible":true},{"position_x":2008.92700195312,"position_y":-489.276000976562,"rotation":0,"time":3566,"visible":true},{"position_x":2024.79370117188,"position_y":-481.74267578125,"rotation":0,"time":3582,"visible":true},{"position_x":2040.66040039062,"position_y":-472.576019287109,"rotation":0,"time":3600,"visible":true},{"position_x":2056.52709960938,"position_y":-461.776031494141,"rotation":0,"time":3616,"visible":true},{"position_x":2072.39379882812,"position_y":-449.342712402344,"rotation":0,"time":3632,"visible":true},{"position_x":2088.26049804688,"position_y":-435.276031494141,"rotation":0,"time":3649,"visible":true},{"position_x":2104.12719726562,"position_y":-419.576019287109,"rotation":0,"time":3666,"visible":true},{"position_x":2119.99389648438,"position_y":-402.24267578125,"rotation":0,"time":3682,"visible":true},{"position_x":2135.86059570312,"position_y":-383.276000976562,"rotation":0,"time":3699,"visible":true},{"position_x":2151.72729492188,"position_y":-362.675994873047,"rotation":0,"time":3716,"visible":true},{"position_x":2167.59399414062,"position_y":-340.442657470703,"rotation":0,"time":3732,"visible":true},{"position_x":2183.46069335938,"position_y":-316.575988769531,"rotation":0,"time":3749,"visible":true},{"position_x":2195.12744140625,"position_y":-291.075988769531,"rotation":0,"time":3766,"visible":true},{"position_x":2202.59399414062,"position_y":-263.942657470703,"rotation":0,"time":3782,"visible":true},{"position_x":2205.86059570312,"position_y":-235.175994873047,"rotation":0,"time":3799,"visible":true},{"position_x":2204.92724609375,"position_y":-204.776000976562,"rotation":0,"time":3815,"visible":true},{"position_x":2202.59399414062,"position_y":-180.075988769531,"rotation":0,"time":3832,"visible":true},{"position_x":2198.86059570312,"position_y":-180.075988769531,"rotation":0,"time":3849,"visible":true}]